camera_id,img_size
IMG_1868.JPG,2404
IMG_1871.JPG,2415
IMG_1875.JPG,2240
IMG_1878.JPG,2437
IMG_1879.JPG,2432
IMG_1880.JPG,2332
IMG_1882.JPG,2437
IMG_1886.JPG,2232
IMG_1887.JPG,2152
IMG_1888.JPG,2200
IMG_1891.JPG,2168
IMG_1893.JPG,2120
IMG_1894.JPG,2128
IMG_1895.JPG,2136
IMG_1896.JPG,2192
IMG_1897.JPG,2160
IMG_1898.JPG,2144
IMG_1899.JPG,2136
IMG_1900.JPG,2176
IMG_1901.JPG,2120
IMG_1902.JPG,2128
IMG_1903.JPG,2200
IMG_1904.JPG,2152
IMG_1905.JPG,2152
IMG_1906.JPG,2128
IMG_1907.JPG,2068
IMG_1908.JPG,2101
IMG_1909.JPG,2063
IMG_1910.JPG,2119
IMG_1911.JPG,2092
IMG_1912.JPG,2068
IMG_1913.JPG,2028
IMG_1914.JPG,2090
IMG_1916.JPG,2112
IMG_1917.JPG,2104
IMG_1918.JPG,2120
IMG_1919.JPG,2096
IMG_1920.JPG,2096
IMG_1922.JPG,2080
IMG_1924.JPG,2088
IMG_1925.JPG,2120
IMG_1927.JPG,2104
IMG_1928.JPG,2128
IMG_1931.JPG,2073
IMG_1932.JPG,2047
IMG_1933.JPG,2067
IMG_1934.JPG,2079
IMG_1935.JPG,2035
IMG_1938.JPG,2007
IMG_1939.JPG,2029
IMG_1940.JPG,2101
IMG_1941.JPG,2046
IMG_1942.JPG,2046
IMG_1944.JPG,2085
IMG_1945.JPG,2007
IMG_1946.JPG,2042
IMG_1947.JPG,2051
IMG_1948.JPG,2019
IMG_1949.JPG,2040
IMG_1952.JPG,2166
IMG_1953.JPG,2107
IMG_1954.JPG,2134
IMG_1956.JPG,2097
IMG_1957.JPG,2123
IMG_1960.JPG,2084
IMG_1961.JPG,2088
IMG_1962.JPG,2104
IMG_1963.JPG,2144
IMG_1964.JPG,2080
IMG_1965.JPG,2136
IMG_1966.JPG,2088
IMG_1967.JPG,2152
IMG_1968.JPG,2128
IMG_1970.JPG,2144
IMG_1972.JPG,2112
IMG_1973.JPG,2112
IMG_1974.JPG,2120
IMG_1976.JPG,2006
IMG_1977.JPG,2104
IMG_1978.JPG,2112
IMG_1980.JPG,2080
IMG_1981.JPG,2128
IMG_1982.JPG,2136
IMG_1983.JPG,1936
IMG_1987.JPG,1936
IMG_1988.JPG,1926
IMG_1989.JPG,1944
IMG_1990.JPG,1912
IMG_1991.JPG,1936
IMG_1992.JPG,1950
IMG_1993.JPG,1928
IMG_1994.JPG,1968
IMG_1996.JPG,1928
IMG_1997.JPG,1920
IMG_1999.JPG,1952
IMG_2001.JPG,1952
IMG_2002.JPG,1976
IMG_2003.JPG,1928
IMG_2005.JPG,1912
IMG_2006.JPG,1928
IMG_2008.JPG,1984
IMG_2009.JPG,1960
IMG_2013.JPG,1960
IMG_2014.JPG,1928
IMG_2015.JPG,1944
IMG_2016.JPG,1912
IMG_2017.JPG,1914
IMG_2019.JPG,1976
IMG_2021.JPG,1936
IMG_2022.JPG,1940
IMG_2024.JPG,1968
IMG_2025.JPG,1985
IMG_2026.JPG,1960
IMG_2027.JPG,1952
IMG_2028.JPG,1926
IMG_2029.JPG,1915
IMG_2030.JPG,1964
IMG_2031.JPG,1947
IMG_2032.JPG,1920
IMG_2033.JPG,1932
IMG_2034.JPG,1924
IMG_2035.JPG,1921
IMG_2037.JPG,1925
IMG_2038.JPG,1947
IMG_2039.JPG,1943
IMG_2043.JPG,2128
IMG_2044.JPG,2088
IMG_2045.JPG,2080
IMG_2046.JPG,2064
IMG_2048.JPG,2069
IMG_2049.JPG,2058
IMG_2053.JPG,2051
IMG_2054.JPG,2063
IMG_2058.JPG,2030
IMG_2059.JPG,2062
IMG_2060.JPG,2035
IMG_2061.JPG,2056
IMG_2062.JPG,2040
IMG_2063.JPG,2057
IMG_2064.JPG,2018
IMG_2065.JPG,2025
IMG_2067.JPG,2051
IMG_2068.JPG,2008
IMG_2069.JPG,2047
IMG_2070.JPG,2036
IMG_2071.JPG,2042
IMG_2072.JPG,2009
IMG_2073.JPG,2046
IMG_2074.JPG,2064
IMG_2075.JPG,2073
IMG_2076.JPG,2062
IMG_2077.JPG,2058
IMG_2078.JPG,2046
IMG_2079.JPG,2069
IMG_2081.JPG,2036
IMG_2082.JPG,2064
IMG_2084.JPG,2079
IMG_2086.JPG,2064
IMG_2089.JPG,2056
IMG_2090.JPG,2048
IMG_2091.JPG,1997
IMG_2092.JPG,2062
IMG_2094.JPG,2040
IMG_2095.JPG,2041
IMG_2097.JPG,2046
IMG_2098.JPG,2002
IMG_2100.JPG,2013
IMG_2101.JPG,2052
IMG_2103.JPG,2073
IMG_2105.JPG,2047
IMG_2106.JPG,2085
IMG_2107.JPG,2050
IMG_2108.JPG,2296
IMG_2109.JPG,2200
IMG_2110.JPG,2192
IMG_2111.JPG,2255
IMG_2112.JPG,2184
IMG_2113.JPG,2190
IMG_2115.JPG,2238
IMG_2116.JPG,2200
IMG_2118.JPG,2240
IMG_2119.JPG,2240
IMG_2120.JPG,2216
IMG_2122.JPG,2336
IMG_2123.JPG,2200
IMG_2124.JPG,2208
IMG_2125.JPG,2216
IMG_2126.JPG,2264
IMG_2128.JPG,2232
IMG_2129.JPG,2264
IMG_2130.JPG,2264
IMG_2131.JPG,2232
IMG_2132.JPG,2256
IMG_2133.JPG,2208
IMG_2134.JPG,2224
IMG_2135.JPG,2128
IMG_2136.JPG,2256
IMG_2137.JPG,2264
IMG_2138.JPG,2256
IMG_2139.JPG,2232
IMG_2140.JPG,2224
IMG_2141.JPG,2272
IMG_2142.JPG,2224
IMG_2143.JPG,2336
IMG_2145.JPG,2216
IMG_2146.JPG,2248
IMG_2147.JPG,2240
IMG_2148.JPG,2224
IMG_2149.JPG,2068
IMG_2151.JPG,2216
IMG_2152.JPG,2248
IMG_2153.JPG,2192
IMG_2154.JPG,2184
IMG_2155.JPG,2248
IMG_2156.JPG,2256
IMG_2157.JPG,2216
IMG_2158.JPG,2073
IMG_2160.JPG,1964
IMG_2161.JPG,1925
IMG_2162.JPG,2096
IMG_2163.JPG,2032
IMG_2164.JPG,2120
IMG_2165.JPG,2064
IMG_2166.JPG,2104
IMG_2167.JPG,2032
IMG_2168.JPG,2048
IMG_2169.JPG,2024
IMG_2170.JPG,2040
IMG_2171.JPG,1992
IMG_2172.JPG,2080
IMG_2173.JPG,2144
IMG_2175.JPG,2192
IMG_2176.JPG,2168
IMG_2177.JPG,2136
IMG_2178.JPG,2128
IMG_2179.JPG,2128
IMG_2180.JPG,2080
IMG_2181.JPG,2168
IMG_2182.JPG,2136
IMG_2183.JPG,2136
IMG_2185.JPG,2144
IMG_2186.JPG,2080
IMG_2187.JPG,2152
IMG_2188.JPG,2168
IMG_2190.JPG,2123
IMG_2191.JPG,2079
IMG_2192.JPG,2151
IMG_2193.JPG,2140
IMG_2194.JPG,2167
IMG_2195.JPG,2168
IMG_2196.JPG,2123
IMG_2197.JPG,2149
IMG_2198.JPG,2151
IMG_2199.JPG,2172
IMG_2200.JPG,2150
IMG_2201.JPG,2160
IMG_2202.JPG,2152
IMG_2203.JPG,2152
IMG_2204.JPG,2100
IMG_2205.JPG,2084
IMG_2206.JPG,2733
IMG_2207.JPG,2735
IMG_2208.JPG,2706
IMG_2210.JPG,2713
IMG_2211.JPG,2722
IMG_2212.JPG,2739
IMG_2213.JPG,2724
IMG_2214.JPG,2700
IMG_2215.JPG,2718
IMG_2216.JPG,2722
IMG_2219.JPG,2740
IMG_2220.JPG,2728
IMG_2221.JPG,2750
IMG_2222.JPG,2761
IMG_2223.JPG,2740
IMG_2224.JPG,2789
IMG_2225.JPG,2739
IMG_2226.JPG,2789
IMG_2227.JPG,2736
IMG_2229.JPG,2752
IMG_2230.JPG,2752
IMG_2231.JPG,2744
IMG_2232.JPG,2760
IMG_2233.JPG,2736
IMG_2234.JPG,2768
IMG_2235.JPG,2736
IMG_2236.JPG,2760
IMG_2238.JPG,2760
IMG_2239.JPG,2282
IMG_2240.JPG,2239
IMG_2241.JPG,2233
IMG_2242.JPG,2194
IMG_2243.JPG,2266
IMG_2244.JPG,2239
IMG_2245.JPG,2200
IMG_2246.JPG,2234
IMG_2247.JPG,2228
IMG_2248.JPG,2273
IMG_2249.JPG,2222
IMG_2250.JPG,2233
IMG_2251.JPG,2234
IMG_2252.JPG,2234
IMG_2253.JPG,2245
IMG_2254.JPG,2261
IMG_2255.JPG,2222
IMG_2256.JPG,2277
IMG_2257.JPG,2249
IMG_2258.JPG,2294
IMG_2259.JPG,2195
IMG_2260.JPG,2251
IMG_2261.JPG,2184
IMG_2263.JPG,2167
IMG_2264.JPG,2151
IMG_2265.JPG,2117
IMG_2266.JPG,2119
IMG_2267.JPG,2056
IMG_2268.JPG,2079
IMG_2269.JPG,2107
IMG_2270.JPG,2117
IMG_2271.JPG,1959
IMG_2272.JPG,1971
IMG_2273.JPG,2002
IMG_2274.JPG,1969
IMG_2275.JPG,1986
IMG_2276.JPG,1958
IMG_2278.JPG,2003
IMG_2279.JPG,1963
IMG_2280.JPG,2040
IMG_2281.JPG,1990
IMG_2282.JPG,2007
IMG_2283.JPG,2023
IMG_2284.JPG,1985
IMG_2286.JPG,1957
IMG_2287.JPG,1964
IMG_2288.JPG,1963
IMG_2289.JPG,1980
IMG_2290.JPG,1970
IMG_2291.JPG,2008
IMG_2292.JPG,1992
IMG_2293.JPG,1975
IMG_2294.JPG,1963
IMG_2295.JPG,1969
IMG_2302.JPG,1789
IMG_2303.JPG,1876
IMG_2304.JPG,1827
IMG_2305.JPG,1928
IMG_2306.JPG,1904
IMG_2307.JPG,2200
IMG_2308.JPG,2240
IMG_2309.JPG,2232
IMG_2310.JPG,2200
IMG_2311.JPG,2179
IMG_2312.JPG,2183
IMG_2313.JPG,2212
IMG_2314.JPG,2216
IMG_2315.JPG,2222
IMG_2316.JPG,2233
IMG_2317.JPG,2238
IMG_2318.JPG,2217
IMG_2319.JPG,2222
IMG_2320.JPG,2178
IMG_2321.JPG,2184
IMG_2322.JPG,2310
IMG_2323.JPG,2222
IMG_2324.JPG,2179
IMG_2325.JPG,2183
IMG_2326.JPG,2204
IMG_2327.JPG,2201
IMG_2329.JPG,2200
IMG_2330.JPG,2211
IMG_2331.JPG,2266
IMG_2332.JPG,2217
IMG_2334.JPG,2223
IMG_2336.JPG,2205
IMG_2337.JPG,2178
IMG_2339.JPG,2178
IMG_2340.JPG,2156
IMG_2341.JPG,2184
IMG_2342.JPG,2168
IMG_2343.JPG,2140
IMG_2344.JPG,2124
IMG_2345.JPG,2152
IMG_2346.JPG,2164
IMG_2348.JPG,2168
IMG_2349.JPG,2188
IMG_2350.JPG,2164
IMG_2351.JPG,2156
IMG_2352.JPG,2168
IMG_2353.JPG,2180
IMG_2354.JPG,2260
IMG_2355.JPG,2216
IMG_2356.JPG,2168
IMG_2357.JPG,2168
IMG_2358.JPG,2148
IMG_2359.JPG,2152
IMG_2360.JPG,2152
IMG_2361.JPG,2188
IMG_2362.JPG,2200
IMG_2363.JPG,2220
IMG_2364.JPG,2192
IMG_2366.JPG,2192
IMG_2367.JPG,2172
IMG_2368.JPG,2180
IMG_2369.JPG,2148
IMG_2370.JPG,2164
IMG_2372.JPG,1913
IMG_2373.JPG,1924
IMG_2375.JPG,1978
IMG_2376.JPG,1893
IMG_2377.JPG,1916
IMG_2378.JPG,1974
IMG_2379.JPG,1981
IMG_2380.JPG,1969
IMG_2383.JPG,1970
IMG_2385.JPG,1996
IMG_2386.JPG,1948
IMG_2387.JPG,1970
IMG_2388.JPG,2045
IMG_2389.JPG,2014
IMG_2390.JPG,2041
IMG_2391.JPG,2052
IMG_2392.JPG,2035
IMG_2394.JPG,2032
IMG_2395.JPG,2016
IMG_2396.JPG,2088
IMG_2397.JPG,2116
IMG_2398.JPG,2180
IMG_2399.JPG,2200
IMG_2400.JPG,2092
IMG_2401.JPG,2084
IMG_2402.JPG,2052
IMG_2404.JPG,2069
IMG_2405.JPG,2063
IMG_2406.JPG,2069
IMG_2407.JPG,2030
IMG_2408.JPG,2080
IMG_2409.JPG,2068
IMG_2410.JPG,2084
IMG_2411.JPG,2074
IMG_2412.JPG,2052
IMG_2413.JPG,2067
IMG_2414.JPG,2047
IMG_2415.JPG,2057
IMG_2417.JPG,2051
IMG_2419.JPG,2068
IMG_2420.JPG,2075
IMG_2421.JPG,2063
IMG_2422.JPG,2085
IMG_2423.JPG,2062
IMG_2424.JPG,2068
IMG_2426.JPG,2053
IMG_2427.JPG,2080
IMG_2428.JPG,2073
IMG_2429.JPG,2051
IMG_2430.JPG,2096
IMG_2431.JPG,2047
IMG_2432.JPG,2074
IMG_2433.JPG,2086
IMG_2434.JPG,2058
IMG_2435.JPG,2057
IMG_2436.JPG,2068
IMG_2437.JPG,2090
IMG_2438.JPG,2085
IMG_2439.JPG,2090
IMG_2440.JPG,2096
IMG_2441.JPG,2111
IMG_2442.JPG,2113
IMG_2443.JPG,2141
IMG_2444.JPG,2096
IMG_2445.JPG,2112
IMG_2446.JPG,2074
IMG_2447.JPG,2096
IMG_2448.JPG,2074
IMG_2449.JPG,2090
IMG_2450.JPG,2080
IMG_2451.JPG,2107
IMG_2452.JPG,2112
IMG_2453.JPG,2068
IMG_2454.JPG,2101
IMG_2455.JPG,2085
IMG_2457.JPG,2101
IMG_2459.JPG,2095
IMG_2460.JPG,2090
IMG_2461.JPG,2186
IMG_2462.JPG,2142
IMG_2463.JPG,2040
IMG_2464.JPG,2102
IMG_2465.JPG,2056
IMG_2466.JPG,2073
IMG_2467.JPG,2090
IMG_2468.JPG,2114
IMG_2469.JPG,2220
IMG_2471.JPG,2296
IMG_2472.JPG,2260
IMG_2473.JPG,2280
IMG_2474.JPG,2200
IMG_2475.JPG,2278
IMG_2476.JPG,2271
IMG_2477.JPG,2306
IMG_2479.JPG,2294
IMG_2480.JPG,2310
IMG_2481.JPG,2288
IMG_2482.JPG,2199
IMG_2483.JPG,2272
IMG_2484.JPG,2300
IMG_2485.JPG,2305
IMG_2486.JPG,2305
IMG_2487.JPG,2344
IMG_2488.JPG,2294
IMG_2489.JPG,2294
IMG_2490.JPG,2272
IMG_2491.JPG,2293
IMG_2492.JPG,2272
IMG_2493.JPG,2331
IMG_2494.JPG,2316
IMG_2495.JPG,2232
IMG_2496.JPG,2255
IMG_2497.JPG,2239
IMG_2498.JPG,2276
IMG_2499.JPG,2298
IMG_2500.JPG,2299
IMG_2501.JPG,2298
IMG_2502.JPG,2316
IMG_2503.JPG,2256
IMG_2504.JPG,2289
IMG_2505.JPG,2278
IMG_2506.JPG,2294
IMG_2507.JPG,2305
IMG_2508.JPG,2272
IMG_2509.JPG,2234
IMG_2510.JPG,2271
IMG_2511.JPG,2267
IMG_2512.JPG,2233
IMG_2513.JPG,2344
IMG_2514.JPG,2310
IMG_2515.JPG,2260
IMG_2516.JPG,2266
IMG_2517.JPG,2282
IMG_2518.JPG,2273
IMG_2520.JPG,2321
IMG_2521.JPG,2277
IMG_2522.JPG,2244
IMG_2523.JPG,2266
IMG_2524.JPG,2195
IMG_2525.JPG,2256
IMG_2526.JPG,2322
IMG_2527.JPG,2310
IMG_2528.JPG,2260
IMG_2529.JPG,2304
IMG_2564.JPG,1964
IMG_2565.JPG,1953
IMG_2566.JPG,2014
IMG_2567.JPG,1996
IMG_2568.JPG,1992
IMG_2569.JPG,1975
IMG_2570.JPG,1986
IMG_2571.JPG,1996
IMG_2572.JPG,1975
IMG_2573.JPG,1969
IMG_2574.JPG,1980
IMG_2575.JPG,1958
IMG_2576.JPG,1992
IMG_2577.JPG,1998
IMG_2578.JPG,2003
IMG_2579.JPG,1985
IMG_2580.JPG,2020
IMG_2581.JPG,1970
IMG_2582.JPG,1963
IMG_2583.JPG,1968
IMG_2584.JPG,1986
IMG_2585.JPG,2024
IMG_2586.JPG,1969
IMG_2587.JPG,1997
IMG_2588.JPG,2456
IMG_2589.JPG,2304
IMG_2591.JPG,2280
IMG_2592.JPG,2308
IMG_2593.JPG,2280
IMG_2594.JPG,2324
IMG_2595.JPG,2284
IMG_2596.JPG,2392
IMG_2597.JPG,2344
IMG_2598.JPG,2368
IMG_2599.JPG,2372
IMG_2600.JPG,2371
IMG_2601.JPG,2316
IMG_2602.JPG,2338
IMG_2603.JPG,2327
IMG_2604.JPG,2328
IMG_2605.JPG,2344
IMG_2606.JPG,2312
IMG_2607.JPG,2344
IMG_2608.JPG,2360
IMG_2609.JPG,2360
IMG_2610.JPG,2344
IMG_2611.JPG,2344
IMG_2612.JPG,2392
IMG_2613.JPG,2344
IMG_2614.JPG,2200
IMG_2615.JPG,2344
IMG_2616.JPG,2264
IMG_2617.JPG,2276
IMG_2618.JPG,2336
IMG_2619.JPG,2344
IMG_2621.JPG,2280
IMG_2622.JPG,2364
IMG_2623.JPG,2432
IMG_2624.JPG,2368
IMG_2625.JPG,2368
IMG_2626.JPG,2408
IMG_2627.JPG,2256
IMG_2628.JPG,2376
IMG_2629.JPG,2328
IMG_2630.JPG,2304
IMG_2631.JPG,2336
IMG_2632.JPG,2312
IMG_2633.JPG,2336
IMG_2634.JPG,2320
IMG_2635.JPG,2280
IMG_2637.JPG,2344
IMG_2638.JPG,2344
IMG_2639.JPG,2368
IMG_2640.JPG,2368
IMG_2641.JPG,2408
IMG_2642.JPG,2376
IMG_2643.JPG,2352
IMG_2644.JPG,2368
IMG_2645.JPG,2424
IMG_2646.JPG,2368
IMG_2647.JPG,2344
IMG_2648.JPG,2384
IMG_2649.JPG,2360
IMG_2650.JPG,2344
IMG_2651.JPG,2392
IMG_2652.JPG,2368
IMG_2653.JPG,2344
IMG_2654.JPG,2336
IMG_2655.JPG,2376
IMG_2656.JPG,2368
IMG_2657.JPG,2376
IMG_2658.JPG,2304
IMG_2659.JPG,2320
IMG_2660.JPG,2328
IMG_2661.JPG,2336
IMG_2662.JPG,2320
IMG_2663.JPG,2328
IMG_2664.JPG,2320
IMG_2665.JPG,2336
IMG_2666.JPG,2312
IMG_2667.JPG,2336
IMG_2668.JPG,2312
IMG_2669.JPG,2392
IMG_2670.JPG,2320
IMG_2671.JPG,2384
IMG_2672.JPG,2408
IMG_2673.JPG,2384
IMG_2674.JPG,2360
IMG_2675.JPG,2248
IMG_2676.JPG,2336
IMG_2677.JPG,2360
IMG_2678.JPG,2328
IMG_2679.JPG,2360
IMG_2680.JPG,2304
IMG_2681.JPG,2384
IMG_2682.JPG,2328
IMG_2683.JPG,2360
IMG_2684.JPG,2352
IMG_2685.JPG,2416
IMG_2686.JPG,2384
IMG_2687.JPG,2336
IMG_2688.JPG,2352
IMG_2689.JPG,2344
IMG_2690.JPG,2312
IMG_2691.JPG,2328
IMG_2692.JPG,2312
IMG_2693.JPG,2328
IMG_2694.JPG,2360
IMG_2695.JPG,2360
IMG_2696.JPG,2352
IMG_2697.JPG,2320
IMG_2698.JPG,2400
IMG_2699.JPG,2376
IMG_2700.JPG,2368
IMG_2701.JPG,2304
IMG_2702.JPG,2304
IMG_2703.JPG,2272
IMG_2704.JPG,2232
IMG_2705.JPG,2320
IMG_2706.JPG,2280
IMG_2707.JPG,2272
IMG_2708.JPG,2288
IMG_2710.JPG,2296
IMG_2711.JPG,2296
IMG_2712.JPG,2312
IMG_2713.JPG,2336
IMG_2714.JPG,2280
IMG_2716.JPG,2272
IMG_2717.JPG,2360
IMG_2718.JPG,2352
IMG_2719.JPG,2312
IMG_2720.JPG,2304
IMG_2721.JPG,2360
IMG_2723.JPG,2392
IMG_2724.JPG,2332
IMG_2725.JPG,2328
IMG_2726.JPG,2400
IMG_2727.JPG,2344
IMG_2728.JPG,2280
IMG_2729.JPG,2344
IMG_2730.JPG,2328
IMG_2731.JPG,2368
IMG_2732.JPG,2248
IMG_2733.JPG,2336
IMG_2734.JPG,2348
IMG_2735.JPG,2344
IMG_2736.JPG,2312
IMG_2737.JPG,2328
IMG_2738.JPG,2336
IMG_2739.JPG,2232
IMG_2740.JPG,2296
IMG_2741.JPG,2256
IMG_2742.JPG,2264
IMG_2743.JPG,2352
IMG_2744.JPG,2352
IMG_2745.JPG,2328
IMG_2746.JPG,2312
IMG_2747.JPG,2312
IMG_2748.JPG,2288
IMG_2749.JPG,2384
IMG_2750.JPG,2339
IMG_2751.JPG,2354
IMG_2752.JPG,2359
IMG_2753.JPG,2359
IMG_2754.JPG,2359
IMG_2756.JPG,3401
IMG_2757.JPG,3399
IMG_2758.JPG,3423
IMG_2759.JPG,3361
IMG_2760.JPG,3386
IMG_2761.JPG,3346
IMG_2762.JPG,3245
IMG_2763.JPG,3157
IMG_2764.JPG,3288
IMG_2765.JPG,3283
IMG_2766.JPG,3446
IMG_2767.JPG,3427
IMG_2768.JPG,3322
IMG_2769.JPG,3361
IMG_2770.JPG,3324
IMG_2771.JPG,3340
IMG_2772.JPG,3356
IMG_2773.JPG,3301
IMG_2774.JPG,3410
IMG_2775.JPG,3422
IMG_2776.JPG,3411
IMG_2777.JPG,3439
IMG_2778.JPG,3102
IMG_2779.JPG,3424
IMG_2780.JPG,3420
IMG_2781.JPG,3368
IMG_2782.JPG,3336
IMG_2783.JPG,3376
IMG_2784.JPG,3384
IMG_2785.JPG,3404
IMG_2786.JPG,3352
IMG_2787.JPG,3416
IMG_2788.JPG,3408
IMG_2789.JPG,3456
IMG_2790.JPG,3432
IMG_2791.JPG,3364
IMG_2792.JPG,3416
IMG_2793.JPG,3448
IMG_2794.JPG,3368
IMG_2795.JPG,3392
IMG_2796.JPG,3296
IMG_2797.JPG,3304
IMG_2798.JPG,3392
IMG_2799.JPG,3344
IMG_2800.JPG,3404
IMG_2801.JPG,3356
IMG_2802.JPG,3344
IMG_2803.JPG,3368
IMG_2805.JPG,3384
IMG_2806.JPG,3324
IMG_2807.JPG,3440
IMG_2808.JPG,3404
IMG_2809.JPG,3384
IMG_2810.JPG,3440
IMG_2811.JPG,3360
IMG_2812.JPG,3380
IMG_2813.JPG,3400
IMG_2814.JPG,3328
IMG_2815.JPG,3272
IMG_2816.JPG,3352
IMG_2817.JPG,3320
IMG_2818.JPG,3272
IMG_2819.JPG,3328
IMG_2820.JPG,3256
IMG_2821.JPG,3296
IMG_2822.JPG,3368
IMG_2823.JPG,3328
IMG_2824.JPG,3312
IMG_2825.JPG,3352
IMG_2826.JPG,3336
IMG_2827.JPG,3280
IMG_2828.JPG,3296
IMG_2829.JPG,3320
IMG_2830.JPG,3280
IMG_2831.JPG,3272
IMG_2832.JPG,3296
IMG_2833.JPG,3248
IMG_2834.JPG,3296
IMG_2835.JPG,3352
IMG_2836.JPG,3372
IMG_2837.JPG,3304
IMG_2838.JPG,3296
IMG_2839.JPG,3368
IMG_2840.JPG,3328
IMG_2841.JPG,3208
IMG_2842.JPG,3280
IMG_2843.JPG,3272
IMG_2844.JPG,3224
IMG_2845.JPG,3288
IMG_2846.JPG,3232
IMG_2847.JPG,3224
IMG_2848.JPG,3232
IMG_2850.JPG,3280
IMG_2851.JPG,3200
IMG_2852.JPG,3296
IMG_2853.JPG,3280
IMG_2854.JPG,3272
IMG_2855.JPG,3264
IMG_2856.JPG,3288
IMG_2857.JPG,2792
IMG_2858.JPG,2808
IMG_2859.JPG,2800
IMG_2860.JPG,2800
IMG_2861.JPG,2784
IMG_2862.JPG,2752
IMG_2863.JPG,2784
IMG_2864.JPG,2800
IMG_2865.JPG,2760
IMG_2866.JPG,2736
IMG_2868.JPG,2760
IMG_2869.JPG,2776
IMG_2870.JPG,2728
IMG_2871.JPG,2768
IMG_2872.JPG,2824
IMG_2873.JPG,2792
IMG_2874.JPG,2784
IMG_2875.JPG,2624
IMG_2876.JPG,2584
IMG_2877.JPG,2792
IMG_2878.JPG,2760
IMG_2879.JPG,2768
IMG_2880.JPG,2776
IMG_2881.JPG,2816
IMG_2883.JPG,2720
IMG_2884.JPG,2800
IMG_2885.JPG,2800
IMG_2886.JPG,2760
IMG_2887.JPG,2816
IMG_2888.JPG,2704
IMG_2889.JPG,2800
IMG_2890.JPG,2776
IMG_2891.JPG,2744
IMG_2892.JPG,2744
IMG_2893.JPG,2744
IMG_2894.JPG,2784
IMG_2895.JPG,2664
IMG_2896.JPG,2760
IMG_2897.JPG,2776
IMG_2898.JPG,2943
IMG_2899.JPG,2954
IMG_2900.JPG,3002
IMG_2901.JPG,3003
IMG_2902.JPG,2997
IMG_2903.JPG,3020
IMG_2904.JPG,2954
IMG_2906.JPG,2968
IMG_2907.JPG,2952
IMG_2908.JPG,2960
IMG_2909.JPG,2976
IMG_2911.JPG,2968
IMG_2912.JPG,2992
IMG_2913.JPG,3e3
IMG_2914.JPG,3024
IMG_2915.JPG,2976
IMG_2916.JPG,3008
IMG_2917.JPG,3e3
IMG_2918.JPG,2992
IMG_2919.JPG,3016
IMG_2920.JPG,2808
IMG_2921.JPG,3016
IMG_2922.JPG,2976
IMG_2923.JPG,2992
IMG_2924.JPG,2912
IMG_2925.JPG,2912
IMG_2926.JPG,2984
IMG_2927.JPG,2928
IMG_2928.JPG,3008
IMG_2929.JPG,3e3
IMG_2930.JPG,2848
IMG_2931.JPG,2944
IMG_2932.JPG,2904
IMG_2933.JPG,2992
IMG_2934.JPG,3008
IMG_2935.JPG,2992
IMG_2936.JPG,2980
IMG_2937.JPG,3004
IMG_2938.JPG,2552
IMG_2939.JPG,2608
IMG_2940.JPG,2487
IMG_2941.JPG,2535
IMG_2942.JPG,2668
IMG_2943.JPG,2580
IMG_2944.JPG,2648
IMG_2945.JPG,2584
IMG_2946.JPG,2632
IMG_2947.JPG,2696
IMG_2948.JPG,2616
IMG_2949.JPG,2608
IMG_2950.JPG,2624
IMG_2951.JPG,2568
IMG_2952.JPG,2632
IMG_2953.JPG,2512
IMG_2954.JPG,2544
IMG_2955.JPG,2608
IMG_2956.JPG,2416
IMG_2957.JPG,2672
IMG_2958.JPG,2616
IMG_2959.JPG,2664
IMG_2960.JPG,2640
IMG_2961.JPG,2720
IMG_2962.JPG,2520
IMG_2963.JPG,2656
IMG_2964.JPG,2608
IMG_2965.JPG,2632
IMG_2967.JPG,2624
IMG_2968.JPG,2656
IMG_2969.JPG,2600
IMG_2970.JPG,2616
IMG_2971.JPG,2464
IMG_2972.JPG,2973
IMG_2973.JPG,3005
IMG_2974.JPG,3053
IMG_2975.JPG,2957
IMG_2976.JPG,3021
IMG_2977.JPG,2942
IMG_2985.JPG,2793
IMG_2986.JPG,2662
IMG_2987.JPG,2658
IMG_2988.JPG,2843
IMG_2989.JPG,2735
IMG_2990.JPG,2694
IMG_2991.JPG,2806
IMG_2992.JPG,2687
IMG_2993.JPG,2743
IMG_2994.JPG,2774
IMG_2995.JPG,2743
IMG_2996.JPG,2734
IMG_2997.JPG,2766
IMG_2998.JPG,2711
IMG_2999.JPG,2784
IMG_3000.JPG,2824
IMG_3001.JPG,2768
IMG_3002.JPG,2832
IMG_3003.JPG,2816
IMG_3004.JPG,2752
IMG_3005.JPG,2752
IMG_3006.JPG,2712
IMG_3007.JPG,2800
IMG_3008.JPG,2760
IMG_3009.JPG,2688
IMG_3010.JPG,2840
IMG_3011.JPG,2792
IMG_3012.JPG,2744
IMG_3013.JPG,2792
IMG_3014.JPG,2784
IMG_3015.JPG,2712
IMG_3016.JPG,2728
IMG_3017.JPG,2720
IMG_3018.JPG,2736
IMG_3019.JPG,2760
IMG_3020.JPG,2728
IMG_3021.JPG,2720
IMG_3022.JPG,2688
IMG_3023.JPG,2728
IMG_3024.JPG,2800
IMG_3028.JPG,2584
IMG_3029.JPG,2584
IMG_3030.JPG,2696
IMG_3031.JPG,2656
IMG_3032.JPG,2608
IMG_3033.JPG,2592
IMG_3034.JPG,2640
IMG_3035.JPG,2632
IMG_3036.JPG,2656
IMG_3039.JPG,2600
IMG_3040.JPG,2632
IMG_3043.JPG,2664
IMG_3044.JPG,2600
IMG_3046.JPG,2648
IMG_3047.JPG,2624
IMG_3048.JPG,2688
IMG_3049.JPG,2584
IMG_3050.JPG,2624
IMG_3051.JPG,2624
IMG_3053.JPG,2705
IMG_3054.JPG,2559
IMG_3055.JPG,2575
IMG_3056.JPG,2625
IMG_3057.JPG,2576
IMG_3058.JPG,2576
IMG_3059.JPG,2504
IMG_3060.JPG,2536
IMG_3061.JPG,2592
IMG_3062.JPG,2616
IMG_3063.JPG,2544
IMG_3064.JPG,2552
IMG_3065.JPG,2592
IMG_3066.JPG,2544
IMG_3067.JPG,2632
IMG_3068.JPG,2672
IMG_3069.JPG,2633
IMG_3070.JPG,2592
IMG_3071.JPG,2680
IMG_3072.JPG,2435
IMG_3073.JPG,2537
IMG_3074.JPG,2504
IMG_3075.JPG,2576
IMG_3076.JPG,2600
IMG_3077.JPG,2584
IMG_3078.JPG,2584
IMG_3079.JPG,2592
IMG_3080.JPG,2664
IMG_3081.JPG,2616
IMG_3082.JPG,2607
IMG_3083.JPG,2519
IMG_3084.JPG,2530
IMG_3085.JPG,2569
IMG_3086.JPG,2597
IMG_3087.JPG,2525
IMG_3088.JPG,2618
IMG_3089.JPG,2569
IMG_3090.JPG,2551
IMG_3091.JPG,2587
IMG_3092.JPG,2470
IMG_3093.JPG,2524
IMG_3095.JPG,2569
IMG_3096.JPG,2580
IMG_3097.JPG,2632
IMG_3102.JPG,2833
IMG_3104.JPG,2744
IMG_3105.JPG,2696
IMG_3106.JPG,2744
IMG_3107.JPG,2728
IMG_3108.JPG,2760
IMG_3109.JPG,2744
IMG_3110.JPG,2689
IMG_3111.JPG,2745
IMG_3112.JPG,2777
IMG_3113.JPG,2733
IMG_3114.JPG,2706
IMG_3115.JPG,2799
IMG_3116.JPG,2740
IMG_3117.JPG,2662
IMG_3118.JPG,2630
IMG_3120.JPG,2751
IMG_3121.JPG,2964
IMG_3122.JPG,2668
IMG_3123.JPG,2689
IMG_3125.JPG,2717
IMG_3126.JPG,2723
IMG_3127.JPG,2678
IMG_3128.JPG,2707
IMG_3130.JPG,2623
IMG_3131.JPG,2706
IMG_3132.JPG,2657
IMG_3133.JPG,2685
IMG_3134.JPG,2673
IMG_3135.JPG,2497
IMG_3136.JPG,2676
IMG_3137.JPG,2586
IMG_3138.JPG,2642
IMG_3139.JPG,2731
IMG_3140.JPG,2703
IMG_3141.JPG,2725
IMG_3143.JPG,3184
IMG_3144.JPG,3162
IMG_3145.JPG,3200
IMG_3146.JPG,3108
IMG_3147.JPG,3091
IMG_3148.JPG,3109
IMG_3149.JPG,3128
IMG_3150.JPG,3174
IMG_3151.JPG,3146
IMG_3152.JPG,3031
IMG_3153.JPG,3091
IMG_3154.JPG,3085
IMG_3155.JPG,3136
IMG_3156.JPG,3197
IMG_3157.JPG,3092
IMG_3158.JPG,3075
IMG_3159.JPG,3031
IMG_3160.JPG,3091
IMG_3161.JPG,3206
IMG_3162.JPG,3129
IMG_3163.JPG,3301
IMG_3164.JPG,3130
IMG_3165.JPG,3245
IMG_3166.JPG,3290
IMG_3167.JPG,3172
IMG_3168.JPG,3151
IMG_3169.JPG,3269
IMG_3170.JPG,3273
IMG_3171.JPG,3300
IMG_3172.JPG,3262
IMG_3173.JPG,3251
IMG_3174.JPG,3179
IMG_3176.JPG,3268
IMG_3177.JPG,3200
IMG_3178.JPG,3204
IMG_3179.JPG,3163
IMG_3180.JPG,3235
IMG_3181.JPG,3147
IMG_3182.JPG,3102
IMG_3183.JPG,3174
IMG_3184.JPG,3201
IMG_3185.JPG,3169
IMG_3186.JPG,3126
IMG_3187.JPG,3081
IMG_3188.JPG,3108
IMG_3189.JPG,3191
IMG_3190.JPG,3201
IMG_3191.JPG,3190
IMG_3192.JPG,3169
IMG_3193.JPG,3162
IMG_3194.JPG,3202
IMG_3195.JPG,3085
IMG_3196.JPG,3163
IMG_3197.JPG,3174
IMG_3198.JPG,3196
IMG_3199.JPG,3146
IMG_3200.JPG,3157
IMG_3201.JPG,3135
IMG_3202.JPG,3080
IMG_3203.JPG,3136
IMG_3204.JPG,3086
IMG_3205.JPG,3074
IMG_3206.JPG,3125
IMG_3207.JPG,3145
IMG_3208.JPG,3124
IMG_3209.JPG,3096
IMG_3210.JPG,3169
IMG_3211.JPG,3196
IMG_3212.JPG,3168
IMG_3213.JPG,3218
IMG_3214.JPG,3179
IMG_3215.JPG,3092
IMG_3216.JPG,3178
IMG_3217.JPG,3080
IMG_3218.JPG,3175
IMG_3219.JPG,3184
IMG_3220.JPG,3135
IMG_3221.JPG,3146
IMG_3222.JPG,3223
IMG_3223.JPG,3113
IMG_3224.JPG,3150
IMG_3225.JPG,3174
IMG_3226.JPG,3102
IMG_3227.JPG,3097
IMG_3228.JPG,3157
IMG_3229.JPG,3142
IMG_3230.JPG,3080
IMG_3231.JPG,3052
IMG_3232.JPG,3135
IMG_3233.JPG,3185
IMG_3234.JPG,3046
IMG_3235.JPG,3041
IMG_3236.JPG,3107
IMG_3237.JPG,3081
IMG_3238.JPG,3109
IMG_3239.JPG,3180
IMG_3240.JPG,3069
IMG_3241.JPG,3152
IMG_3242.JPG,3190
IMG_3243.JPG,3114
IMG_3246.JPG,3216
IMG_3247.JPG,2932
IMG_3248.JPG,3124
IMG_3249.JPG,3052
IMG_3250.JPG,3120
IMG_3251.JPG,3076
IMG_3252.JPG,3144
IMG_3253.JPG,3112
IMG_3254.JPG,3092
IMG_3255.JPG,3116
IMG_3256.JPG,3032
IMG_3257.JPG,3080
IMG_3258.JPG,3068
IMG_3259.JPG,3092
IMG_3260.JPG,3008
IMG_3261.JPG,3016
IMG_3262.JPG,2992
IMG_3263.JPG,2912
IMG_3264.JPG,2728
IMG_3265.JPG,3036
IMG_3266.JPG,3136
IMG_3267.JPG,3028
IMG_3268.JPG,2968
IMG_3269.JPG,3060
IMG_3270.JPG,3060
IMG_3271.JPG,2992
IMG_3272.JPG,3048
IMG_3273.JPG,2936
IMG_3274.JPG,3064
IMG_3275.JPG,2972
IMG_3276.JPG,3052
IMG_3277.JPG,2956
IMG_3283.JPG,3028
IMG_3284.JPG,2924
IMG_3285.JPG,2908
IMG_3286.JPG,3008
IMG_3287.JPG,2968
IMG_3288.JPG,3e3
IMG_3289.JPG,3008
IMG_3290.JPG,2940
IMG_3291.JPG,2888
IMG_3292.JPG,2884
IMG_3293.JPG,2880
IMG_3294.JPG,2876
IMG_3295.JPG,3008
IMG_3296.JPG,2960
IMG_3298.JPG,3016
IMG_3299.JPG,3004
IMG_3300.JPG,2948
IMG_3301.JPG,3032
IMG_3302.JPG,2936
IMG_3303.JPG,2972
IMG_3304.JPG,3068
IMG_3305.JPG,3024
IMG_3306.JPG,3028
IMG_3308.JPG,2924
IMG_3309.JPG,2928
IMG_3310.JPG,3081
IMG_3311.JPG,3098
IMG_3312.JPG,3036
IMG_3313.JPG,3152
IMG_3314.JPG,3053
IMG_3316.JPG,3188
IMG_3317.JPG,3300
IMG_3318.JPG,3164
IMG_3319.JPG,3096
IMG_3320.JPG,3037
IMG_3321.JPG,3096
IMG_3322.JPG,3080
IMG_3325.JPG,3059
IMG_3326.JPG,3063
IMG_3327.JPG,3029
IMG_3328.JPG,3036
IMG_3329.JPG,3128
IMG_3330.JPG,3124
IMG_3331.JPG,3184
IMG_3332.JPG,3180
IMG_3333.JPG,3124
IMG_3334.JPG,3116
IMG_3335.JPG,3088
IMG_3336.JPG,3140
IMG_3337.JPG,3124
IMG_3339.JPG,3116
IMG_3340.JPG,3056
IMG_3341.JPG,3064
IMG_3342.JPG,3128
IMG_3343.JPG,3152
IMG_3344.JPG,3104
IMG_3345.JPG,3184
IMG_3349.JPG,2546
IMG_3351.JPG,2547
IMG_3352.JPG,2576
IMG_3353.JPG,2484
IMG_3354.JPG,2596
IMG_3355.JPG,2541
IMG_3356.JPG,2509
IMG_3357.JPG,2563
IMG_3360.JPG,2541
IMG_3361.JPG,2497
IMG_3362.JPG,2497
IMG_3363.JPG,2548
IMG_3364.JPG,2487
IMG_3365.JPG,2546
IMG_3366.JPG,2608
IMG_3367.JPG,2568
IMG_3368.JPG,2514
IMG_3369.JPG,2498
IMG_3370.JPG,2489
IMG_3371.JPG,2649
IMG_3372.JPG,2564
IMG_3373.JPG,2597
IMG_3374.JPG,2581
IMG_3375.JPG,2465
IMG_3376.JPG,2547
IMG_3377.JPG,2425
IMG_3378.JPG,2514
IMG_3379.JPG,2652
IMG_3380.JPG,2632
IMG_3381.JPG,2590
IMG_3382.JPG,2553
IMG_3383.JPG,2607
IMG_3384.JPG,2523
IMG_3385.JPG,2613
IMG_3386.JPG,2595
IMG_3387.JPG,2601
IMG_3388.JPG,2606
IMG_3389.JPG,2580
IMG_3390.JPG,2629
IMG_3391.JPG,2541
IMG_3392.JPG,2592
IMG_3393.JPG,2591
IMG_3394.JPG,2563
IMG_3395.JPG,2641
IMG_3396.JPG,2536
IMG_3397.JPG,2591
IMG_3398.JPG,2673
IMG_3399.JPG,2617
IMG_3400.JPG,2583
IMG_3401.JPG,2656
IMG_3402.JPG,2674
IMG_3404.JPG,2714
IMG_3405.JPG,2629
IMG_3406.JPG,2628
IMG_3407.JPG,2623
IMG_3408.JPG,2511
IMG_3409.JPG,2641
IMG_3410.JPG,2640
IMG_3411.JPG,2555
IMG_3412.JPG,2617
IMG_3413.JPG,2584
IMG_3415.JPG,2496
IMG_3416.JPG,2575
IMG_3417.JPG,2549
IMG_3418.JPG,2458
IMG_3419.JPG,2468
IMG_3420.JPG,2622
IMG_3421.JPG,2590
IMG_3422.JPG,2616
IMG_3423.JPG,2590
IMG_3426.JPG,2611
IMG_3427.JPG,2607
IMG_3428.JPG,2567
IMG_3429.JPG,2650
IMG_3430.JPG,2481
IMG_3431.JPG,2609
IMG_3433.JPG,2524
IMG_3434.JPG,2530
IMG_3435.JPG,2508
IMG_3436.JPG,2574
IMG_3437.JPG,2536
IMG_3438.JPG,2519
IMG_3439.JPG,2607
IMG_3440.JPG,2591
IMG_3441.JPG,2596
IMG_3442.JPG,2530
IMG_3443.JPG,2596
IMG_3444.JPG,2563
IMG_3445.JPG,2525
IMG_3446.JPG,2568
IMG_3447.JPG,2542
IMG_3448.JPG,2597
IMG_3449.JPG,2536
IMG_3450.JPG,2584
IMG_3451.JPG,2562
IMG_3452.JPG,2630
IMG_3453.JPG,2542
IMG_3454.JPG,2574
IMG_3455.JPG,2503
IMG_3456.JPG,2585
IMG_3457.JPG,2580
IMG_3458.JPG,2563
IMG_3459.JPG,2524
IMG_3460.JPG,2688
IMG_3461.JPG,2591
IMG_3462.JPG,2607
IMG_3463.JPG,2485
IMG_3464.JPG,2578
IMG_3465.JPG,2640
IMG_3466.JPG,2552
IMG_3467.JPG,2601
IMG_3468.JPG,2556
IMG_3469.JPG,2612
IMG_3470.JPG,2590
IMG_3471.JPG,2562
IMG_3472.JPG,2650
IMG_3473.JPG,2573
IMG_3474.JPG,2567
IMG_3475.JPG,2573
IMG_3476.JPG,2695
IMG_3477.JPG,3118
IMG_3478.JPG,3024
IMG_3479.JPG,2920
IMG_3480.JPG,3081
IMG_3481.JPG,2987
IMG_3482.JPG,3075
IMG_3483.JPG,3081
IMG_3484.JPG,2992
IMG_3485.JPG,3086
IMG_3486.JPG,3098
IMG_3487.JPG,3076
IMG_3488.JPG,3140
IMG_3489.JPG,3020
IMG_3490.JPG,3074
IMG_3491.JPG,3074
IMG_3492.JPG,3083
IMG_3493.JPG,3034
IMG_3494.JPG,3029
IMG_3495.JPG,3053
IMG_3496.JPG,2991
IMG_3497.JPG,3034
IMG_3498.JPG,3079
IMG_3499.JPG,3079
IMG_3500.JPG,3085
IMG_3501.JPG,3113
IMG_3502.JPG,3051
IMG_3503.JPG,3068
IMG_3504.JPG,3128
IMG_3505.JPG,3188
IMG_3506.JPG,3045
IMG_3507.JPG,2996
IMG_3508.JPG,3002
IMG_3509.JPG,2992
IMG_3510.JPG,2985
IMG_3511.JPG,2936
IMG_3512.JPG,3113
IMG_3513.JPG,3089
IMG_3515.JPG,3135
IMG_3516.JPG,3023
IMG_3517.JPG,3148
IMG_3520.JPG,3124
IMG_3522.JPG,3153
IMG_3523.JPG,3142
IMG_3524.JPG,3148
IMG_3525.JPG,3113
IMG_3526.JPG,3165
IMG_3527.JPG,3165
IMG_3528.JPG,3175
IMG_3529.JPG,3051
IMG_3530.JPG,3083
IMG_3532.JPG,2998
IMG_3533.JPG,3025
IMG_3534.JPG,3031
IMG_3535.JPG,2140
IMG_3536.JPG,2958
IMG_3537.JPG,3034
IMG_3538.JPG,2941
IMG_3544.JPG,2931
IMG_3545.JPG,3076
IMG_3546.JPG,3020
IMG_3547.JPG,2975
IMG_3550.JPG,2992
IMG_3551.JPG,3004
IMG_3552.JPG,3031
IMG_3554.JPG,2987
IMG_3556.JPG,2865
IMG_3558.JPG,2756
IMG_3559.JPG,2866
IMG_3560.JPG,3015
IMG_3561.JPG,2987
IMG_3564.JPG,2944
IMG_3565.JPG,3014
IMG_3566.JPG,2782
IMG_3567.JPG,2932
IMG_3568.JPG,2921
IMG_3569.JPG,3135
IMG_3570.JPG,2981
IMG_3571.JPG,2772
IMG_3572.JPG,3080
IMG_3573.JPG,3129
IMG_3574.JPG,3091
IMG_3575.JPG,3109
IMG_3576.JPG,3021
IMG_3577.JPG,3097
IMG_3578.JPG,3115
IMG_3579.JPG,3017
IMG_3584.JPG,3129
IMG_3586.JPG,3136
IMG_3588.JPG,3085
IMG_3589.JPG,3142
IMG_3590.JPG,3047
IMG_3595.JPG,2987
IMG_3596.JPG,2959
IMG_3597.JPG,3015
IMG_3598.JPG,2965
IMG_3600.JPG,3031
IMG_3601.JPG,3040
IMG_3602.JPG,2716
IMG_3603.JPG,3163
IMG_3604.JPG,3145
IMG_3605.JPG,2987
IMG_3606.JPG,3086
IMG_3607.JPG,2960
IMG_3608.JPG,3042
IMG_3609.JPG,2971
IMG_3610.JPG,3075
IMG_3611.JPG,3074
IMG_3612.JPG,3032
IMG_3613.JPG,2750
IMG_3614.JPG,2954
IMG_3616.JPG,2806
IMG_3617.JPG,3047
IMG_3618.JPG,2976
IMG_3619.JPG,2964
IMG_3620.JPG,2892
IMG_3621.JPG,2943
IMG_3622.JPG,2905
IMG_3626.JPG,3107
IMG_3627.JPG,3013
IMG_3628.JPG,2937
IMG_3629.JPG,3004
IMG_3631.JPG,3074
IMG_3632.JPG,2943
IMG_3633.JPG,3042
IMG_3634.JPG,2954
IMG_3635.JPG,2977
IMG_3636.JPG,2948
IMG_3637.JPG,2926
IMG_3638.JPG,2965
IMG_3639.JPG,3070
IMG_3640.JPG,2948
IMG_3641.JPG,3099
IMG_3642.JPG,2936
IMG_3643.JPG,3091
IMG_3644.JPG,2972
IMG_3645.JPG,2987
IMG_3647.JPG,3014
IMG_3651.JPG,2936
IMG_3652.JPG,3031
IMG_3654.JPG,2981
IMG_3656.JPG,2997
IMG_3658.JPG,3048
IMG_3659.JPG,3064
IMG_3660.JPG,3e3
IMG_3661.JPG,3108
IMG_3662.JPG,3100
IMG_3663.JPG,3009
IMG_3664.JPG,3091
IMG_3666.JPG,3026
IMG_3668.JPG,3003
IMG_3669.JPG,2816
IMG_3670.JPG,3047
IMG_3671.JPG,3059
IMG_3672.JPG,3125
IMG_3673.JPG,3098
IMG_3676.JPG,2975
IMG_3678.JPG,3063
IMG_3679.JPG,3063
IMG_3681.JPG,3097
IMG_3682.JPG,3009
IMG_3684.JPG,3130
IMG_3686.JPG,3064
IMG_3687.JPG,2981
IMG_3689.JPG,3112
IMG_3690.JPG,2871
IMG_3691.JPG,3199
IMG_3692.JPG,3071
IMG_3696.JPG,3093
IMG_3698.JPG,3093
IMG_3699.JPG,3031
IMG_3700.JPG,3020
IMG_3701.JPG,3121
IMG_3703.JPG,3032
IMG_3704.JPG,3132
IMG_3705.JPG,3194
IMG_3706.JPG,3058
IMG_3708.JPG,3156
IMG_3709.JPG,3112
IMG_3710.JPG,3059
IMG_3711.JPG,2951
IMG_3712.JPG,2849
IMG_3713.JPG,3101
IMG_3714.JPG,2956
IMG_3715.JPG,3140
IMG_3716.JPG,2828
IMG_3717.JPG,2864
IMG_3718.JPG,2884
IMG_3719.JPG,2724
IMG_3720.JPG,3041
IMG_3721.JPG,2944
IMG_3722.JPG,2832
IMG_3725.JPG,2860
IMG_3726.JPG,3012
IMG_3727.JPG,2940
IMG_3728.JPG,2988
IMG_3729.JPG,3e3
IMG_3730.JPG,2948
IMG_3731.JPG,2959
IMG_3732.JPG,3098
IMG_3733.JPG,2870
IMG_3734.JPG,3004
IMG_3735.JPG,3026
IMG_3736.JPG,2861
IMG_3737.JPG,3064
IMG_3738.JPG,3152
IMG_3739.JPG,3103
IMG_3740.JPG,3113
IMG_3745.JPG,3092
IMG_3746.JPG,3102
IMG_3747.JPG,2954
IMG_3748.JPG,3119
IMG_3749.JPG,3229
IMG_3750.JPG,3025
IMG_3751.JPG,3112
IMG_3752.JPG,3168
IMG_3753.JPG,3260
IMG_3754.JPG,3152
IMG_3755.JPG,3152
IMG_3756.JPG,3177
IMG_3757.JPG,3124
IMG_3758.JPG,3167
IMG_3759.JPG,3178
IMG_3760.JPG,3208
IMG_3761.JPG,3167
IMG_3762.JPG,3112
IMG_3763.JPG,3065
IMG_3764.JPG,3066
IMG_3765.JPG,3193
IMG_3767.JPG,3120
IMG_3771.JPG,3240
IMG_3772.JPG,3152
IMG_3773.JPG,3152
IMG_3774.JPG,3128
IMG_3775.JPG,3120
IMG_3776.JPG,3e3
IMG_3777.JPG,3216
IMG_3778.JPG,3112
IMG_3779.JPG,3160
IMG_3780.JPG,3280
IMG_3782.JPG,3232
IMG_3784.JPG,3136
IMG_3785.JPG,3280
IMG_3786.JPG,3168
IMG_3788.JPG,3176
IMG_3791.JPG,2849
IMG_3792.JPG,2872
IMG_3793.JPG,3e3
IMG_3794.JPG,2792
IMG_3796.JPG,2896
IMG_3797.JPG,3016
IMG_3799.JPG,2616
IMG_3800.JPG,2928
IMG_3801.JPG,3088
IMG_3802.JPG,3024
IMG_3803.JPG,2912
IMG_3804.JPG,3128
IMG_3805.JPG,3088
IMG_3806.JPG,3088
IMG_3807.JPG,3120
IMG_3808.JPG,3136
IMG_3809.JPG,3080
IMG_3810.JPG,3120
IMG_3811.JPG,3024
IMG_3813.JPG,3088
IMG_3814.JPG,2960
IMG_3815.JPG,3064
IMG_3816.JPG,3088
IMG_3817.JPG,3144
IMG_3818.JPG,3072
IMG_3819.JPG,2992
IMG_3820.JPG,3144
IMG_3821.JPG,3032
IMG_3822.JPG,3216
IMG_3823.JPG,3040
IMG_3824.JPG,3072
IMG_3825.JPG,3104
IMG_3826.JPG,3136
IMG_3827.JPG,2992
IMG_3828.JPG,3064
IMG_3829.JPG,3080
IMG_3830.JPG,3104
IMG_3831.JPG,3103
IMG_3832.JPG,2993
IMG_3833.JPG,3025
IMG_3834.JPG,2954
IMG_3835.JPG,3104
IMG_3836.JPG,3048
IMG_3837.JPG,3088
IMG_3839.JPG,3080
IMG_3840.JPG,3009
IMG_3842.JPG,2932
IMG_3843.JPG,2947
IMG_3844.JPG,2968
IMG_3846.JPG,2976
IMG_3848.JPG,3088
IMG_3849.JPG,3080
IMG_3850.JPG,3016
IMG_3851.JPG,3024
IMG_3852.JPG,3008
IMG_3853.JPG,2976
IMG_3854.JPG,3e3
IMG_3855.JPG,3e3
IMG_3856.JPG,2904
IMG_3857.JPG,2904
IMG_3858.JPG,2968
IMG_3859.JPG,2968
IMG_3860.JPG,2960
IMG_3861.JPG,2976
IMG_3862.JPG,3040
IMG_3863.JPG,3016
IMG_3864.JPG,3032
IMG_3865.JPG,3040
IMG_3866.JPG,3008
IMG_3867.JPG,2960
IMG_3868.JPG,3080
IMG_3869.JPG,2960
IMG_3870.JPG,2944
IMG_3871.JPG,3064
IMG_3872.JPG,2872
IMG_3873.JPG,2984
IMG_3874.JPG,2976
IMG_3875.JPG,2976
IMG_3876.JPG,3144
IMG_3877.JPG,2824
IMG_3878.JPG,2992
IMG_3879.JPG,3040
IMG_3880.JPG,3056
IMG_3881.JPG,2912
IMG_3882.JPG,2969
IMG_3883.JPG,3137
IMG_3884.JPG,2945
IMG_3885.JPG,2960
IMG_3886.JPG,2968
IMG_3887.JPG,2992
IMG_3888.JPG,2985
IMG_3889.JPG,3015
IMG_3890.JPG,2992
IMG_3891.JPG,3e3
IMG_3892.JPG,2952
IMG_3893.JPG,2929
IMG_3894.JPG,2960
IMG_3895.JPG,2984
IMG_3896.JPG,2976
IMG_3897.JPG,2992
IMG_3898.JPG,2944
IMG_3899.JPG,2968
IMG_3900.JPG,2896
IMG_3901.JPG,2936
IMG_3902.JPG,3016
IMG_3904.JPG,2928
IMG_3905.JPG,2952
IMG_3906.JPG,3064
IMG_3907.JPG,3016
IMG_3908.JPG,2992
IMG_3909.JPG,2912
IMG_3910.JPG,2952
IMG_3911.JPG,3056
IMG_3912.JPG,2896
IMG_3914.JPG,2992
IMG_3915.JPG,2984
IMG_3917.JPG,3024
IMG_3918.JPG,2880
IMG_3919.JPG,2848
IMG_3920.JPG,2888
IMG_3921.JPG,2928
IMG_3922.JPG,2896
IMG_3923.JPG,3016
IMG_3924.JPG,2960
IMG_3925.JPG,3080
IMG_3926.JPG,3058
IMG_3927.JPG,2986
IMG_3928.JPG,3057
IMG_3930.JPG,2992
IMG_3933.JPG,2959
IMG_3935.JPG,2921
IMG_3937.JPG,2942
IMG_3938.JPG,2882
IMG_3939.JPG,2849
IMG_3942.JPG,2651
IMG_3943.JPG,2695
IMG_3944.JPG,2898
IMG_3945.JPG,2866
IMG_3946.JPG,2947
IMG_3950.JPG,2805
IMG_3951.JPG,2959
IMG_3952.JPG,2997
IMG_3953.JPG,2887
IMG_3954.JPG,2800
IMG_3955.JPG,2953
IMG_3956.JPG,2889
IMG_3957.JPG,2882
IMG_3958.JPG,2953
IMG_3959.JPG,3009
IMG_3960.JPG,2998
IMG_3961.JPG,2942
IMG_3962.JPG,2949
IMG_3963.JPG,2949
IMG_3964.JPG,2937
IMG_3965.JPG,2909
IMG_3966.JPG,2937
IMG_3967.JPG,2950
IMG_3969.JPG,2992
IMG_3970.JPG,2928
IMG_3971.JPG,2952
IMG_3972.JPG,3032
IMG_3973.JPG,3096
IMG_3974.JPG,3016
IMG_3975.JPG,2912
IMG_3976.JPG,3e3
IMG_3977.JPG,2984
IMG_3978.JPG,2992
IMG_3979.JPG,3064
IMG_3980.JPG,2912
IMG_3981.JPG,2976
IMG_3982.JPG,2968
IMG_3983.JPG,3048
IMG_3984.JPG,3040
IMG_3985.JPG,2976
IMG_3986.JPG,3016
IMG_3987.JPG,2976
IMG_3988.JPG,2968
IMG_3989.JPG,2952
IMG_3990.JPG,2976
IMG_3991.JPG,2880
IMG_3992.JPG,2952
IMG_3993.JPG,2960
IMG_3994.JPG,2968
IMG_3995.JPG,3056
IMG_3996.JPG,2968
IMG_3997.JPG,3072
IMG_3998.JPG,3064
IMG_3999.JPG,3048
IMG_4000.JPG,3040
IMG_4001.JPG,3040
IMG_4002.JPG,3016
IMG_4003.JPG,2957
IMG_4004.JPG,3e3
IMG_4005.JPG,3008
IMG_4006.JPG,2934
IMG_4007.JPG,2863
IMG_4008.JPG,2904
IMG_4009.JPG,3141
IMG_4010.JPG,3214
IMG_4011.JPG,3157
IMG_4012.JPG,3141
IMG_4013.JPG,3185
IMG_4014.JPG,3175
IMG_4015.JPG,3158
IMG_4016.JPG,3152
IMG_4017.JPG,3181
IMG_4018.JPG,3113
IMG_4019.JPG,3018
IMG_4020.JPG,3075
IMG_4021.JPG,3162
IMG_4022.JPG,3163
IMG_4023.JPG,3029
IMG_4024.JPG,3108
IMG_4025.JPG,2779
IMG_4026.JPG,2847
IMG_4027.JPG,3111
IMG_4028.JPG,2969
IMG_4029.JPG,3042
IMG_4030.JPG,3025
IMG_4031.JPG,2941
IMG_4032.JPG,2940
IMG_4033.JPG,2955
IMG_4034.JPG,3007
IMG_4035.JPG,2980
IMG_4036.JPG,2877
IMG_4037.JPG,2911
IMG_4038.JPG,2980
IMG_4039.JPG,3002
IMG_4040.JPG,2883
IMG_4041.JPG,2795
IMG_4042.JPG,2943
IMG_4043.JPG,2949
IMG_4044.JPG,2881
IMG_4045.JPG,2983
IMG_4046.JPG,2995
IMG_4047.JPG,2903
IMG_4048.JPG,2841
IMG_4049.JPG,2846
IMG_4050.JPG,2907
IMG_4051.JPG,2940
IMG_4052.JPG,2950
IMG_4053.JPG,2889
IMG_4054.JPG,2928
IMG_4056.JPG,2898
IMG_4057.JPG,2881
IMG_4058.JPG,2892
IMG_4059.JPG,2957
IMG_4061.JPG,2981
IMG_4062.JPG,2892
IMG_4063.JPG,2960
IMG_4064.JPG,2977
IMG_4065.JPG,2819
IMG_4066.JPG,2884
IMG_4068.JPG,3029
IMG_4069.JPG,2989
IMG_4070.JPG,2973
IMG_4071.JPG,2967
IMG_4072.JPG,2896
IMG_4073.JPG,2995
IMG_4074.JPG,3e3
IMG_4075.JPG,2908
IMG_4076.JPG,2968
IMG_4077.JPG,2923
IMG_4078.JPG,2955
IMG_4079.JPG,2915
IMG_4080.JPG,2995
IMG_4081.JPG,2989
IMG_4082.JPG,2939
IMG_4083.JPG,2938
IMG_4084.JPG,2989
IMG_4085.JPG,2968
IMG_4086.JPG,2901
IMG_4087.JPG,2962
IMG_4088.JPG,2975
IMG_4089.JPG,2911
IMG_4090.JPG,3002
IMG_4091.JPG,2956
IMG_4092.JPG,2973
IMG_4093.JPG,3078
IMG_4094.JPG,2857
IMG_4095.JPG,2891
IMG_4097.JPG,3135
IMG_4098.JPG,3124
IMG_4099.JPG,3189
IMG_4100.JPG,3194
IMG_4101.JPG,3049
IMG_4102.JPG,3144
IMG_4103.JPG,3205
IMG_4104.JPG,3164
IMG_4105.JPG,3080
IMG_4106.JPG,3124
IMG_4107.JPG,3031
IMG_4108.JPG,3118
IMG_4109.JPG,3053
IMG_4110.JPG,3124
IMG_4111.JPG,3097
IMG_4112.JPG,3064
IMG_4113.JPG,3119
IMG_4114.JPG,3151
IMG_4115.JPG,2977
IMG_4116.JPG,3141
IMG_4117.JPG,3092
IMG_4118.JPG,3096
IMG_4119.JPG,3065
IMG_4120.JPG,2911
IMG_4121.JPG,3064
IMG_4122.JPG,2993
IMG_4123.JPG,3162
IMG_4124.JPG,3152
IMG_4125.JPG,3212
IMG_4126.JPG,3119
IMG_4127.JPG,3123
IMG_4128.JPG,3163
IMG_4129.JPG,3102
IMG_4130.JPG,3059
IMG_4131.JPG,3102
IMG_4132.JPG,3196
IMG_4133.JPG,3092
IMG_4134.JPG,3053
IMG_4135.JPG,3113
IMG_4136.JPG,3195
IMG_4137.JPG,3081
IMG_4138.JPG,3069
IMG_4139.JPG,3075
IMG_4140.JPG,3124
IMG_4141.JPG,2974
IMG_4142.JPG,3217
IMG_4143.JPG,3097
IMG_4144.JPG,3003
IMG_4145.JPG,3015
IMG_4146.JPG,3086
IMG_4147.JPG,3085
IMG_4148.JPG,2960
IMG_4149.JPG,3020
IMG_4150.JPG,3101
IMG_4151.JPG,3124
IMG_4152.JPG,3152
IMG_4153.JPG,3173
IMG_4155.JPG,3070
IMG_4156.JPG,3118
IMG_4157.JPG,3080
IMG_4158.JPG,3156
IMG_4159.JPG,3097
IMG_4160.JPG,3048
IMG_4161.JPG,3065
IMG_4162.JPG,3141
IMG_4163.JPG,3098
IMG_4164.JPG,3109
IMG_4165.JPG,3041
IMG_4166.JPG,2997
IMG_4167.JPG,3068
IMG_4168.JPG,3160
IMG_4169.JPG,3036
IMG_4170.JPG,3053
IMG_4171.JPG,3103
IMG_4173.JPG,2982
IMG_4174.JPG,2784
IMG_4175.JPG,3048
IMG_4176.JPG,2948
IMG_4177.JPG,3124
IMG_4178.JPG,3037
IMG_4179.JPG,3053
IMG_4180.JPG,3041
IMG_4181.JPG,3054
IMG_4182.JPG,2997
IMG_4183.JPG,3047
IMG_4184.JPG,3046
IMG_4185.JPG,3074
IMG_4186.JPG,3081
IMG_4187.JPG,3152
IMG_4188.JPG,3064
IMG_4189.JPG,3085
IMG_4190.JPG,3053
IMG_4191.JPG,3112
IMG_4192.JPG,3146
IMG_4193.JPG,3162
IMG_4195.JPG,2985
IMG_4196.JPG,2994
IMG_4197.JPG,2975
IMG_4198.JPG,2990
IMG_4199.JPG,2901
IMG_4200.JPG,2939
IMG_4201.JPG,2989
IMG_4202.JPG,2989
IMG_4203.JPG,2959
IMG_4205.JPG,3011
IMG_4207.JPG,2950
IMG_4209.JPG,3002
IMG_4210.JPG,2973
IMG_4211.JPG,3079
IMG_4213.JPG,2966
IMG_4214.JPG,3033
IMG_4215.JPG,2962
IMG_4216.JPG,2978
IMG_4217.JPG,2989
IMG_4218.JPG,3035
IMG_4222.JPG,2995
IMG_4223.JPG,2981
IMG_4224.JPG,2972
IMG_4225.JPG,2988
IMG_4226.JPG,3028
IMG_4227.JPG,2995
IMG_4228.JPG,2973
IMG_4229.JPG,2956
IMG_4230.JPG,3064
IMG_4231.JPG,3011
IMG_4232.JPG,2929
IMG_4233.JPG,3017
IMG_4234.JPG,2978
IMG_4235.JPG,2990
IMG_4236.JPG,2927
IMG_4237.JPG,2973
IMG_4238.JPG,2971
IMG_4239.JPG,3015
IMG_4240.JPG,2911
IMG_4242.JPG,3252
IMG_4243.JPG,2949
IMG_4244.JPG,2990
IMG_4245.JPG,2958
IMG_4247.JPG,3072
IMG_4249.JPG,2977
IMG_4250.JPG,2914
IMG_4251.JPG,2985
IMG_4252.JPG,2993
IMG_4253.JPG,3017
IMG_4254.JPG,3017
IMG_4255.JPG,3009
IMG_4257.JPG,3009
IMG_4258.JPG,2920
IMG_4259.JPG,2912
IMG_4260.JPG,2970
IMG_4261.JPG,2904
IMG_4262.JPG,3024
IMG_4263.JPG,2992
IMG_4264.JPG,2986
IMG_4265.JPG,2944
IMG_4266.JPG,2969
IMG_4267.JPG,2993
IMG_4268.JPG,3002
IMG_4269.JPG,3033
IMG_4270.JPG,2960
IMG_4271.JPG,2960
IMG_4272.JPG,2993
IMG_4273.JPG,3009
IMG_4274.JPG,2960
IMG_4275.JPG,2880
IMG_4276.JPG,2953
IMG_4277.JPG,3010
IMG_4278.JPG,3010
IMG_4279.JPG,2872
IMG_4280.JPG,3017
IMG_4281.JPG,3050
IMG_4282.JPG,2970
IMG_4283.JPG,2961
IMG_4284.JPG,2969
IMG_4285.JPG,2977
IMG_4286.JPG,3e3
IMG_4287.JPG,2972
IMG_4288.JPG,2920
IMG_4289.JPG,2914
IMG_4290.JPG,3033
IMG_4291.JPG,2985
IMG_4292.JPG,3070
IMG_4293.JPG,2918
IMG_4294.JPG,2986
IMG_4295.JPG,2994
IMG_4296.JPG,2937
IMG_4297.JPG,3042
IMG_4299.JPG,3021
IMG_4300.JPG,2958
IMG_4301.JPG,3013
IMG_4302.JPG,3004
IMG_4303.JPG,2967
IMG_4304.JPG,2909
IMG_4305.JPG,2914
IMG_4306.JPG,2960
IMG_4307.JPG,2969
IMG_4308.JPG,2920
IMG_4309.JPG,2945
IMG_4310.JPG,2940
IMG_4311.JPG,2855
IMG_4312.JPG,2896
IMG_4313.JPG,2786
IMG_4315.JPG,2961
IMG_4317.JPG,2904
IMG_4318.JPG,2888
IMG_4319.JPG,2856
IMG_4320.JPG,2872
IMG_4321.JPG,2812
IMG_4322.JPG,2786
IMG_4323.JPG,2938
IMG_4324.JPG,2840
IMG_4325.JPG,2826
IMG_4326.JPG,2706
IMG_4327.JPG,2820
IMG_4328.JPG,2800
IMG_4329.JPG,2777
IMG_4330.JPG,2802
IMG_4331.JPG,2854
IMG_4332.JPG,2822
IMG_4333.JPG,2814
IMG_4334.JPG,2758
IMG_4335.JPG,2810
IMG_4336.JPG,2788
IMG_4337.JPG,2765
IMG_4338.JPG,2776
IMG_4339.JPG,2822
IMG_4340.JPG,2810
IMG_4341.JPG,2756
IMG_4342.JPG,2796
IMG_4343.JPG,2760
IMG_4344.JPG,2774
IMG_4345.JPG,2766
IMG_4346.JPG,2740
IMG_4347.JPG,2773
IMG_4348.JPG,2808
IMG_4349.JPG,2758
IMG_4350.JPG,2832
IMG_4351.JPG,2822
IMG_4352.JPG,2794
IMG_4353.JPG,2856
IMG_4354.JPG,2814
IMG_4355.JPG,2732
IMG_4356.JPG,2838
IMG_4357.JPG,2724
IMG_4358.JPG,2833
IMG_4359.JPG,2832
IMG_4360.JPG,2826
IMG_4361.JPG,2846
IMG_4362.JPG,2788
IMG_4363.JPG,2640
IMG_4364.JPG,2790
IMG_4365.JPG,2697
IMG_4366.JPG,2808
IMG_4367.JPG,2833
IMG_4368.JPG,2788
IMG_4369.JPG,2832
IMG_4370.JPG,2746
IMG_4371.JPG,2722
IMG_4372.JPG,2666
IMG_4373.JPG,2767
IMG_4374.JPG,2751
IMG_4375.JPG,2740
IMG_4376.JPG,2690
IMG_4377.JPG,2708
IMG_4378.JPG,2744
IMG_4379.JPG,2722
IMG_4380.JPG,2696
IMG_4381.JPG,2756
IMG_4386.JPG,2764
IMG_4387.JPG,3110
IMG_4388.JPG,3098
IMG_4389.JPG,3080
IMG_4390.JPG,3168
IMG_4391.JPG,3152
IMG_4392.JPG,3144
IMG_4393.JPG,3080
IMG_4394.JPG,3144
IMG_4395.JPG,3160
IMG_4396.JPG,3128
IMG_4399.JPG,3135
IMG_4400.JPG,3136
IMG_4401.JPG,3129
IMG_4402.JPG,3136
IMG_4403.JPG,3152
IMG_4404.JPG,3064
IMG_4405.JPG,3263
IMG_4406.JPG,3179
IMG_4407.JPG,3147
IMG_4408.JPG,3184
IMG_4409.JPG,2799
IMG_4410.JPG,2971
IMG_4411.JPG,3025
IMG_4412.JPG,3113
IMG_4413.JPG,3136
IMG_4414.JPG,3047
IMG_4415.JPG,3129
IMG_4416.JPG,3034
IMG_4417.JPG,3097
IMG_4418.JPG,2881
IMG_4419.JPG,3125
IMG_4420.JPG,3080
IMG_4421.JPG,3130
IMG_4422.JPG,3013
IMG_4423.JPG,3108
IMG_4424.JPG,3064
IMG_4425.JPG,3201
IMG_4426.JPG,3047
IMG_4427.JPG,3124
IMG_4428.JPG,3226
IMG_4429.JPG,3196
IMG_4430.JPG,3201
IMG_4431.JPG,3240
IMG_4434.JPG,3223
IMG_4435.JPG,3164
IMG_4436.JPG,3149
IMG_4437.JPG,3143
IMG_4438.JPG,2700
IMG_4439.JPG,3005
IMG_4440.JPG,3053
IMG_4441.JPG,2953
IMG_4442.JPG,2848
IMG_4443.JPG,3134
IMG_4444.JPG,3211
IMG_4445.JPG,3146
IMG_4446.JPG,3226
IMG_4447.JPG,3126
IMG_4448.JPG,3092
IMG_4449.JPG,3069
IMG_4450.JPG,3168
IMG_4451.JPG,3192
IMG_4452.JPG,3131
IMG_4453.JPG,3155
IMG_4455.JPG,3046
IMG_4456.JPG,3052
IMG_4457.JPG,3066
IMG_4458.JPG,3258
IMG_4459.JPG,3108
IMG_4460.JPG,3088
IMG_4461.JPG,3173
IMG_4462.JPG,3129
IMG_4463.JPG,3177
IMG_4465.JPG,3096
IMG_4466.JPG,3046
IMG_4467.JPG,3063
IMG_4468.JPG,3085
IMG_4469.JPG,3003
IMG_4470.JPG,2804
IMG_4471.JPG,3081
IMG_4472.JPG,3148
IMG_4473.JPG,3080
IMG_4474.JPG,3077
IMG_4475.JPG,3118
IMG_4476.JPG,3145
IMG_4477.JPG,3003
IMG_4478.JPG,2960
IMG_4479.JPG,2981
IMG_4480.JPG,3140
IMG_4483.JPG,3200
IMG_4484.JPG,3082
IMG_4486.JPG,2912
IMG_4487.JPG,3079
IMG_4488.JPG,3124
IMG_4490.JPG,3065
IMG_4491.JPG,2998
IMG_4492.JPG,2997
IMG_4493.JPG,2932
IMG_4494.JPG,3031
IMG_4496.JPG,2959
IMG_4497.JPG,2943
IMG_4499.JPG,3030
IMG_4500.JPG,2832
IMG_4501.JPG,3146
IMG_4506.JPG,2920
IMG_4507.JPG,3075
IMG_4508.JPG,3041
IMG_4509.JPG,3061
IMG_4510.JPG,3113
IMG_4511.JPG,2965
IMG_4512.JPG,3041
IMG_4513.JPG,3111
IMG_4514.JPG,3111
IMG_4515.JPG,3031
IMG_4516.JPG,3036
IMG_4517.JPG,3057
IMG_4518.JPG,3031
IMG_4519.JPG,3042
IMG_4520.JPG,3008
IMG_4521.JPG,2982
IMG_4522.JPG,3064
IMG_4523.JPG,3113
IMG_4524.JPG,3140
IMG_4525.JPG,3080
IMG_4526.JPG,3103
IMG_4527.JPG,3086
IMG_4528.JPG,3119
IMG_4529.JPG,3024
IMG_4530.JPG,2823
IMG_4531.JPG,3119
IMG_4532.JPG,2952
IMG_4533.JPG,2954
IMG_4534.JPG,3130
IMG_4535.JPG,3036
IMG_4536.JPG,2949
IMG_4537.JPG,2965
IMG_4538.JPG,3124
IMG_4539.JPG,3064
IMG_4540.JPG,3086
IMG_4541.JPG,3102
IMG_4542.JPG,3130
IMG_4543.JPG,3109
IMG_4544.JPG,3009
IMG_4546.JPG,3267
IMG_4547.JPG,3057
IMG_4548.JPG,3103
IMG_4549.JPG,2948
IMG_4550.JPG,3020
IMG_4551.JPG,3097
IMG_4552.JPG,3004
IMG_4553.JPG,2992
IMG_4555.JPG,2970
IMG_4556.JPG,3074
IMG_4557.JPG,3052
IMG_4558.JPG,3031
IMG_4559.JPG,2858
IMG_4560.JPG,3079
IMG_4561.JPG,2978
IMG_4562.JPG,2800
IMG_4563.JPG,3035
IMG_4564.JPG,3086
IMG_4565.JPG,3130
IMG_4566.JPG,3018
IMG_4567.JPG,2953
IMG_4568.JPG,3147
IMG_4570.JPG,3026
IMG_4571.JPG,3023
IMG_4572.JPG,2977
IMG_4573.JPG,2947
IMG_4574.JPG,3018
IMG_4575.JPG,3090
IMG_4576.JPG,3030
IMG_4577.JPG,2977
IMG_4578.JPG,3015
IMG_4579.JPG,2941
IMG_4580.JPG,2944
IMG_4581.JPG,3024
IMG_4582.JPG,2991
IMG_4583.JPG,3165
IMG_4584.JPG,2979
IMG_4585.JPG,2963
IMG_4586.JPG,2990
IMG_4587.JPG,3090
IMG_4588.JPG,3119
IMG_4589.JPG,3118
IMG_4590.JPG,3012
IMG_4591.JPG,3008
IMG_4592.JPG,2951
IMG_4593.JPG,3034
IMG_4594.JPG,2985
IMG_4595.JPG,3041
IMG_4596.JPG,3085
IMG_4597.JPG,3036
IMG_4598.JPG,2994
IMG_4599.JPG,3038
IMG_4600.JPG,2940
IMG_4601.JPG,2900
IMG_4602.JPG,2952
IMG_4603.JPG,2895
IMG_4604.JPG,2980
IMG_4605.JPG,3002
IMG_4606.JPG,2951
IMG_4607.JPG,2955
IMG_4608.JPG,3141
IMG_4609.JPG,3024
IMG_4610.JPG,3013
IMG_4611.JPG,3046
IMG_4612.JPG,2985
IMG_4613.JPG,2913
IMG_4614.JPG,3085
IMG_4615.JPG,3075
IMG_4616.JPG,3075
IMG_4617.JPG,3047
IMG_4618.JPG,3007
IMG_4619.JPG,2923
IMG_4620.JPG,3179
IMG_4621.JPG,3006
IMG_4622.JPG,2918
IMG_4623.JPG,3019
IMG_4624.JPG,3047
IMG_4625.JPG,3067
IMG_4626.JPG,3030
IMG_4627.JPG,3057
IMG_4629.JPG,3046
IMG_4631.JPG,3114
IMG_4632.JPG,2963
IMG_4633.JPG,3030
IMG_4634.JPG,3058
IMG_4635.JPG,3018
IMG_4636.JPG,3091
IMG_4637.JPG,3030
IMG_4638.JPG,3085
IMG_4639.JPG,3079
IMG_4640.JPG,2991
IMG_4641.JPG,2924
IMG_4642.JPG,3079
IMG_4643.JPG,3046
IMG_4644.JPG,2978
IMG_4645.JPG,2952
IMG_4646.JPG,3013
IMG_4647.JPG,2946
IMG_4648.JPG,3033
IMG_4649.JPG,3024
IMG_4650.JPG,3008
IMG_4651.JPG,2997
IMG_4652.JPG,3074
IMG_4653.JPG,2753
IMG_4654.JPG,3016
IMG_4655.JPG,2913
IMG_4656.JPG,2914
IMG_4657.JPG,3060
IMG_4658.JPG,3019
IMG_4659.JPG,3108
IMG_4660.JPG,3135
IMG_4661.JPG,2992
IMG_4662.JPG,3136
IMG_4663.JPG,3036
IMG_4664.JPG,3075
IMG_4665.JPG,3037
IMG_4666.JPG,3146
IMG_4667.JPG,3063
IMG_4668.JPG,3080
IMG_4669.JPG,3153
IMG_4670.JPG,3081
IMG_4671.JPG,3042
IMG_4672.JPG,3114
IMG_4673.JPG,3119
IMG_4674.JPG,3086
IMG_4675.JPG,3020
IMG_4676.JPG,3086
IMG_4677.JPG,2955
IMG_4678.JPG,3086
IMG_4679.JPG,3041
IMG_4680.JPG,2981
IMG_4681.JPG,2944
IMG_4682.JPG,2926
IMG_4683.JPG,2960
IMG_4684.JPG,2947
IMG_4685.JPG,2865
IMG_4686.JPG,2960
IMG_4687.JPG,2778
IMG_4688.JPG,2922
IMG_4689.JPG,3168
IMG_4690.JPG,3058
IMG_4691.JPG,3086
IMG_4692.JPG,3065
IMG_4693.JPG,3070
IMG_4694.JPG,3031
IMG_4695.JPG,3008
IMG_4696.JPG,2991
IMG_4697.JPG,2964
IMG_4698.JPG,3047
IMG_4699.JPG,2998
IMG_4700.JPG,3042
IMG_4701.JPG,3009
IMG_4702.JPG,3065
IMG_4703.JPG,3065
IMG_4704.JPG,3076
IMG_4705.JPG,2982
IMG_4706.JPG,2954
IMG_4707.JPG,2998
IMG_4708.JPG,2959
IMG_4709.JPG,2988
IMG_4710.JPG,2959
IMG_4711.JPG,3070
IMG_4712.JPG,3010
IMG_4713.JPG,3070
IMG_4714.JPG,3018
IMG_4715.JPG,2953
IMG_4716.JPG,2981
IMG_4717.JPG,2873
IMG_4718.JPG,3153
IMG_4719.JPG,3200
IMG_4720.JPG,3145
IMG_4721.JPG,3064
IMG_4722.JPG,3139
IMG_4723.JPG,3114
IMG_4724.JPG,3164
IMG_4725.JPG,3175
IMG_4726.JPG,3225
IMG_4727.JPG,3153
IMG_4729.JPG,3127
IMG_4730.JPG,3157
IMG_4731.JPG,3141
IMG_4732.JPG,3156
IMG_4733.JPG,3199
IMG_4734.JPG,3104
IMG_4735.JPG,3010
IMG_4736.JPG,3078
IMG_4737.JPG,3070
IMG_4738.JPG,3e3
IMG_4739.JPG,2984
IMG_4740.JPG,2942
IMG_4741.JPG,2952
IMG_4742.JPG,3027
IMG_4743.JPG,2936
IMG_4744.JPG,2881
IMG_4745.JPG,2994
IMG_4746.JPG,2882
IMG_4747.JPG,3011
IMG_4748.JPG,3024
IMG_4749.JPG,3004
IMG_4750.JPG,2957
IMG_4751.JPG,2974
IMG_4752.JPG,3032
IMG_4753.JPG,3039
IMG_4754.JPG,3073
IMG_4755.JPG,2971
IMG_4756.JPG,3016
IMG_4757.JPG,3092
IMG_4758.JPG,2968
IMG_4759.JPG,3036
IMG_4760.JPG,3016
IMG_4761.JPG,3024
IMG_4762.JPG,3091
IMG_4763.JPG,3019
IMG_4764.JPG,2931
IMG_4765.JPG,2988
IMG_4766.JPG,2999
IMG_4767.JPG,2983
IMG_4768.JPG,2968
IMG_4769.JPG,3003
IMG_4770.JPG,2999
IMG_4771.JPG,2964
IMG_4772.JPG,3048
IMG_4773.JPG,3016
IMG_4774.JPG,3016
IMG_4775.JPG,3016
IMG_4776.JPG,3017
IMG_4777.JPG,2936
IMG_4778.JPG,3001
IMG_4779.JPG,3005
IMG_4780.JPG,2904
IMG_4781.JPG,2957
IMG_4782.JPG,2967
IMG_4783.JPG,2994
IMG_4784.JPG,2978
IMG_4785.JPG,2994
IMG_4786.JPG,2967
IMG_4787.JPG,2991
IMG_4788.JPG,2974
IMG_4789.JPG,2940
IMG_4790.JPG,2979
IMG_4791.JPG,3027
IMG_4792.JPG,3045
IMG_4793.JPG,2972
IMG_4794.JPG,3053
IMG_4795.JPG,3041
IMG_4796.JPG,3009
IMG_4797.JPG,3032
IMG_4798.JPG,2993
IMG_4799.JPG,3027
IMG_4800.JPG,3060
IMG_4801.JPG,3102
IMG_4802.JPG,3003
IMG_4803.JPG,3064
IMG_4804.JPG,2981
IMG_4805.JPG,2975
IMG_4806.JPG,3065
IMG_4807.JPG,2954
IMG_4808.JPG,3086
IMG_4809.JPG,3025
IMG_4810.JPG,3080
IMG_4812.JPG,3042
IMG_4813.JPG,3052
IMG_4815.JPG,2836
IMG_4816.JPG,3003
IMG_4817.JPG,2978
IMG_4818.JPG,3112
IMG_4819.JPG,3043
IMG_4820.JPG,3069
IMG_4821.JPG,3080
IMG_4822.JPG,3053
IMG_4823.JPG,3058
IMG_4824.JPG,3063
IMG_4825.JPG,3103
IMG_4826.JPG,3085
IMG_4827.JPG,3059
IMG_4828.JPG,3048
IMG_4829.JPG,3054
IMG_4830.JPG,2915
IMG_4831.JPG,2987
IMG_4832.JPG,2976
IMG_4833.JPG,3081
IMG_4834.JPG,2948
IMG_4835.JPG,3054
IMG_4836.JPG,2992
IMG_4837.JPG,2933
IMG_4838.JPG,3097
IMG_4839.JPG,2938
IMG_4840.JPG,2944
IMG_4841.JPG,2905
IMG_4842.JPG,3053
IMG_4843.JPG,3042
IMG_4845.JPG,3059
IMG_4846.JPG,3053
IMG_4847.JPG,3070
IMG_4848.JPG,3048
IMG_4849.JPG,3081
IMG_4850.JPG,3097
IMG_4851.JPG,3031
IMG_4852.JPG,3091
IMG_4853.JPG,3020
IMG_4854.JPG,3114
IMG_4855.JPG,3069
IMG_4856.JPG,3103
IMG_4857.JPG,3093
IMG_4858.JPG,3046
IMG_4859.JPG,3069
IMG_4860.JPG,2882
IMG_4861.JPG,2949
IMG_4862.JPG,3058
IMG_4863.JPG,3021
IMG_4864.JPG,3112
IMG_4865.JPG,3124
IMG_4866.JPG,3157
IMG_4868.JPG,3041
IMG_4869.JPG,2921
IMG_4870.JPG,3108
IMG_4871.JPG,3141
IMG_4872.JPG,3064
IMG_4873.JPG,3136
IMG_4874.JPG,3179
IMG_4875.JPG,3223
IMG_4876.JPG,3163
IMG_4877.JPG,3252
IMG_4878.JPG,3064
IMG_4879.JPG,2960
IMG_4880.JPG,3031
IMG_4881.JPG,3048
IMG_4882.JPG,2997
IMG_4883.JPG,3037
IMG_4884.JPG,3069
IMG_4885.JPG,3031
IMG_4886.JPG,3007
IMG_4887.JPG,3076
IMG_4888.JPG,3086
IMG_4889.JPG,3025
IMG_4890.JPG,2900
IMG_4891.JPG,2882
IMG_4892.JPG,2982
IMG_4893.JPG,2937
IMG_4894.JPG,3031
IMG_4895.JPG,3036
IMG_4896.JPG,2970
IMG_4897.JPG,2931
IMG_4898.JPG,2937
IMG_4899.JPG,2987
IMG_4900.JPG,2948
IMG_4901.JPG,3136
IMG_4902.JPG,3048
IMG_4903.JPG,3080
IMG_4904.JPG,3080
IMG_4905.JPG,3096
IMG_4906.JPG,3088
IMG_4907.JPG,3020
IMG_4908.JPG,3016
IMG_4909.JPG,3031
IMG_4910.JPG,3041
IMG_4911.JPG,3031
IMG_4913.JPG,3113
IMG_4914.JPG,3047
IMG_4916.JPG,3232
IMG_4917.JPG,3216
IMG_4918.JPG,3096
IMG_4919.JPG,3160
IMG_4920.JPG,3069
IMG_4921.JPG,3140
IMG_4922.JPG,3201
IMG_4923.JPG,3130
IMG_4924.JPG,3130
IMG_4925.JPG,3130
IMG_4926.JPG,3119
IMG_4927.JPG,3157
IMG_4928.JPG,3074
IMG_4929.JPG,3158
IMG_4931.JPG,3086
IMG_4932.JPG,3163
IMG_4933.JPG,3135
IMG_4934.JPG,3163
IMG_4935.JPG,2920
IMG_4936.JPG,2973
IMG_4937.JPG,2973
IMG_4938.JPG,2979
IMG_4939.JPG,2946
IMG_4940.JPG,2973
IMG_4941.JPG,2851
IMG_4942.JPG,2985
IMG_4943.JPG,2905
IMG_4944.JPG,2956
IMG_4945.JPG,2947
IMG_4946.JPG,3059
IMG_4947.JPG,3099
IMG_4948.JPG,3139
IMG_4949.JPG,3090
IMG_4950.JPG,3041
IMG_4951.JPG,3023
IMG_4952.JPG,2950
IMG_4953.JPG,2857
IMG_4954.JPG,2914
IMG_4955.JPG,3060
IMG_4956.JPG,2919
IMG_4957.JPG,2921
IMG_4958.JPG,3053
IMG_4959.JPG,3041
IMG_4960.JPG,3048
IMG_4961.JPG,3027
IMG_4962.JPG,3095
IMG_4963.JPG,3141
IMG_4964.JPG,3326
IMG_4965.JPG,3154
IMG_4966.JPG,2903
IMG_4967.JPG,2919
IMG_4968.JPG,2969
IMG_4969.JPG,2978
IMG_4970.JPG,2905
IMG_4971.JPG,2957
IMG_4972.JPG,2925
IMG_4973.JPG,3028
IMG_4974.JPG,3059
IMG_4975.JPG,2877
IMG_4976.JPG,3030
IMG_4977.JPG,3005
IMG_4978.JPG,2768
IMG_4979.JPG,2725
IMG_4980.JPG,2875
IMG_4981.JPG,2782
IMG_4982.JPG,2694
IMG_4983.JPG,2847
IMG_4984.JPG,2722
IMG_4985.JPG,2934
IMG_4986.JPG,2848
IMG_4987.JPG,2854
IMG_4988.JPG,2865
IMG_4989.JPG,2880
IMG_4990.JPG,2891
IMG_4991.JPG,2892
IMG_4992.JPG,2930
IMG_4993.JPG,2849
IMG_4995.JPG,2816
IMG_4996.JPG,3004
IMG_4997.JPG,2962
IMG_4998.JPG,3075
IMG_4999.JPG,3074
IMG_5000.JPG,3015
IMG_5001.JPG,2971
IMG_5002.JPG,3063
IMG_5003.JPG,3047
IMG_5005.JPG,3101
IMG_5006.JPG,3048
IMG_5007.JPG,3036
IMG_5008.JPG,3020
IMG_5009.JPG,3024
IMG_5010.JPG,3036
IMG_5011.JPG,3030
IMG_5012.JPG,2937
IMG_5013.JPG,3081
IMG_5014.JPG,2955
IMG_5015.JPG,3030
IMG_5017.JPG,3080
IMG_5018.JPG,3046
IMG_5019.JPG,2937
IMG_5020.JPG,2973
IMG_5022.JPG,3040
IMG_5023.JPG,3020
IMG_5024.JPG,3019
IMG_5025.JPG,3051
IMG_5026.JPG,3052
IMG_5027.JPG,3061
IMG_5028.JPG,3063
IMG_5029.JPG,3123
IMG_5030.JPG,3184
IMG_5031.JPG,3098
IMG_5032.JPG,3096
IMG_5033.JPG,3096
IMG_5034.JPG,3135
IMG_5035.JPG,3044
IMG_5036.JPG,3130
IMG_5037.JPG,2925
IMG_5039.JPG,3123
IMG_5040.JPG,3157
IMG_5041.JPG,3123
IMG_5042.JPG,3052
IMG_5043.JPG,3034
IMG_5044.JPG,3113
IMG_5045.JPG,3103
IMG_5046.JPG,3049
IMG_5047.JPG,2987
IMG_5048.JPG,3206
IMG_5049.JPG,3195
IMG_5050.JPG,3047
IMG_5051.JPG,3124
IMG_5052.JPG,3129
IMG_5053.JPG,3098
IMG_5054.JPG,3157
IMG_5055.JPG,3141
IMG_5056.JPG,3289
IMG_5057.JPG,3187
IMG_5059.JPG,3180
IMG_5060.JPG,3179
IMG_5061.JPG,3185
IMG_5062.JPG,3217
IMG_5063.JPG,3201
IMG_5064.JPG,3223
IMG_5065.JPG,3146
IMG_5066.JPG,3311
IMG_5067.JPG,3208
IMG_5068.JPG,3152
IMG_5069.JPG,3230
IMG_5070.JPG,3064
IMG_5071.JPG,3251
IMG_5072.JPG,3194
IMG_5073.JPG,3251
IMG_5074.JPG,3100
IMG_5075.JPG,3227
IMG_5076.JPG,3168
IMG_5077.JPG,3071
IMG_5078.JPG,3197
IMG_5079.JPG,3185
IMG_5080.JPG,3130
IMG_5082.JPG,3213
IMG_5083.JPG,3230
IMG_5084.JPG,3201
IMG_5085.JPG,3304
IMG_5086.JPG,3200
IMG_5087.JPG,3250
IMG_5088.JPG,3201
IMG_5089.JPG,3052
IMG_5090.JPG,3163
IMG_5091.JPG,3191
IMG_5092.JPG,3163
IMG_5093.JPG,3200
IMG_5094.JPG,3191
IMG_5095.JPG,3211
IMG_5096.JPG,3179
IMG_5098.JPG,3256
IMG_5099.JPG,3235
IMG_5100.JPG,3147
IMG_5101.JPG,3179
IMG_5102.JPG,3224
IMG_5103.JPG,3229
IMG_5104.JPG,3213
IMG_5105.JPG,3207
IMG_5106.JPG,3229
IMG_5107.JPG,3213
IMG_5108.JPG,3207
IMG_5109.JPG,3263
IMG_5110.JPG,3245
IMG_5111.JPG,3245
IMG_5112.JPG,3223
IMG_5113.JPG,3267
IMG_5114.JPG,3292
IMG_5115.JPG,3225
IMG_5116.JPG,3228
IMG_5118.JPG,3320
IMG_5119.JPG,3242
IMG_5120.JPG,3241
IMG_5121.JPG,3248
IMG_5122.JPG,3245
IMG_5123.JPG,3284
IMG_5124.JPG,3186
IMG_5125.JPG,3229
IMG_5126.JPG,3228
IMG_5128.JPG,3218
IMG_5129.JPG,3273
IMG_5130.JPG,3252
IMG_5131.JPG,3290
IMG_5132.JPG,3278
IMG_5133.JPG,3235
IMG_5134.JPG,3207
IMG_5135.JPG,3178
IMG_5136.JPG,3092
IMG_5137.JPG,3178
IMG_5138.JPG,3277
IMG_5139.JPG,3045
IMG_5140.JPG,3062
IMG_5141.JPG,3150
IMG_5142.JPG,3310
IMG_5143.JPG,3238
IMG_5144.JPG,3244
IMG_5145.JPG,3274
IMG_5146.JPG,3334
IMG_5147.JPG,3319
IMG_5148.JPG,3325
IMG_5149.JPG,3237
IMG_5150.JPG,3196
IMG_5151.JPG,3242
IMG_5152.JPG,3242
IMG_5153.JPG,3340
IMG_5154.JPG,3253
IMG_5155.JPG,3274
IMG_5156.JPG,3256
IMG_5157.JPG,3220
IMG_5158.JPG,3260
IMG_5159.JPG,3289
IMG_5160.JPG,3282
IMG_5161.JPG,3328
IMG_5162.JPG,3328
IMG_5163.JPG,3366
IMG_5165.JPG,3344
IMG_5166.JPG,3283
IMG_5167.JPG,3246
IMG_5168.JPG,3218
IMG_5169.JPG,3250
IMG_5170.JPG,3310
IMG_5171.JPG,3281
IMG_5172.JPG,3273
IMG_5173.JPG,3279
IMG_5174.JPG,3015
IMG_5175.JPG,2981
IMG_5176.JPG,3008
IMG_5177.JPG,3096
IMG_5178.JPG,3136
IMG_5179.JPG,3080
IMG_5180.JPG,3024
IMG_5181.JPG,3040
IMG_5183.JPG,3104
IMG_5185.JPG,3088
IMG_5186.JPG,3114
IMG_5187.JPG,3104
IMG_5188.JPG,3024
IMG_5189.JPG,3048
IMG_5190.JPG,3057
IMG_5191.JPG,3034
IMG_5192.JPG,3020
IMG_5193.JPG,2988
IMG_5194.JPG,3016
IMG_5195.JPG,2940
IMG_5196.JPG,2780
IMG_5197.JPG,2976
IMG_5198.JPG,2946
IMG_5199.JPG,3022
IMG_5200.JPG,2952
IMG_5201.JPG,3006
IMG_5202.JPG,2980
IMG_5203.JPG,2967
IMG_5204.JPG,3012
IMG_5205.JPG,2989
IMG_5206.JPG,2947
IMG_5207.JPG,2984
IMG_5208.JPG,3040
IMG_5209.JPG,2938
IMG_5210.JPG,2980
IMG_5211.JPG,2960
IMG_5212.JPG,2949
IMG_5213.JPG,3002
IMG_5214.JPG,3046
IMG_5215.JPG,2789
IMG_5216.JPG,2800
IMG_5217.JPG,2791
IMG_5218.JPG,2896
IMG_5219.JPG,2905
IMG_5221.JPG,3028
IMG_5222.JPG,3e3
IMG_5223.JPG,2996
IMG_5225.JPG,2943
IMG_5226.JPG,2812
IMG_5227.JPG,2839
IMG_5228.JPG,2905
IMG_5229.JPG,2867
IMG_5230.JPG,2828
IMG_5231.JPG,2722
IMG_5232.JPG,2824
IMG_5233.JPG,2833
IMG_5234.JPG,2840
IMG_5235.JPG,2933
IMG_5236.JPG,2936
IMG_5237.JPG,2960
IMG_5238.JPG,2961
IMG_5239.JPG,2959
IMG_5240.JPG,2952
IMG_5241.JPG,2945
IMG_5242.JPG,2920
IMG_5243.JPG,2908
IMG_5244.JPG,2905
IMG_5245.JPG,2865
IMG_5246.JPG,2862
IMG_5247.JPG,2776
IMG_5248.JPG,2897
IMG_5249.JPG,2928
IMG_5250.JPG,2889
IMG_5251.JPG,2892
IMG_5252.JPG,2915
IMG_5253.JPG,2943
IMG_5254.JPG,2930
IMG_5257.JPG,3025
IMG_5258.JPG,3001
IMG_5259.JPG,2957
IMG_5260.JPG,2996
IMG_5261.JPG,3001
IMG_5262.JPG,2994
IMG_5263.JPG,2989
IMG_5264.JPG,2940
IMG_5265.JPG,2947
IMG_5266.JPG,2941
IMG_5267.JPG,2954
IMG_5268.JPG,2877
IMG_5269.JPG,2934
IMG_5270.JPG,2938
IMG_5271.JPG,2954
IMG_5272.JPG,2973
IMG_5273.JPG,2965
IMG_5274.JPG,2969
IMG_5275.JPG,2936
IMG_5276.JPG,2952
IMG_5277.JPG,2949
IMG_5278.JPG,2932
IMG_5279.JPG,2931
IMG_5280.JPG,2943
IMG_5281.JPG,2942
IMG_5282.JPG,2952
IMG_5283.JPG,2947
IMG_5284.JPG,2932
IMG_5285.JPG,2936
IMG_5287.JPG,2913
IMG_5288.JPG,2863
IMG_5289.JPG,2957
IMG_5290.JPG,2913
IMG_5291.JPG,2930
IMG_5292.JPG,2926
IMG_5293.JPG,2925
IMG_5294.JPG,2947
IMG_5296.JPG,2963
IMG_5299.JPG,2933
IMG_5302.JPG,2886
IMG_5303.JPG,2966
IMG_5304.JPG,2903
IMG_5305.JPG,2992
IMG_5306.JPG,2927
IMG_5307.JPG,2981
IMG_5308.JPG,2965
IMG_5309.JPG,2987
IMG_5310.JPG,2889
IMG_5311.JPG,2915
IMG_5312.JPG,2944
IMG_5313.JPG,2935
IMG_5314.JPG,2964
IMG_5316.JPG,2938
IMG_5317.JPG,2889
IMG_5318.JPG,2856
IMG_5319.JPG,2891
IMG_5320.JPG,2878
IMG_5321.JPG,2867
IMG_5322.JPG,2843
IMG_5323.JPG,2740
IMG_5325.JPG,2790
IMG_5326.JPG,2805
IMG_5327.JPG,2856
IMG_5328.JPG,2809
IMG_5329.JPG,2851
IMG_5330.JPG,2850
IMG_5331.JPG,2808
IMG_5332.JPG,2858
IMG_5333.JPG,2852
IMG_5334.JPG,2822
IMG_5335.JPG,2860
IMG_5336.JPG,2845
IMG_5337.JPG,2823
IMG_5338.JPG,2877
IMG_5339.JPG,2852
IMG_5340.JPG,2863
IMG_5341.JPG,2886
IMG_5342.JPG,2865
IMG_5343.JPG,2862
IMG_5344.JPG,2846
IMG_5346.JPG,2813
IMG_5347.JPG,2856
IMG_5348.JPG,2867
IMG_5349.JPG,2834
IMG_5350.JPG,2845
IMG_5353.JPG,2836
IMG_5354.JPG,2836
IMG_5355.JPG,2848
IMG_5356.JPG,2855
IMG_5357.JPG,2871
IMG_5358.JPG,2851
IMG_5359.JPG,2863
IMG_5360.JPG,2834
IMG_5361.JPG,2833
IMG_5362.JPG,2831
IMG_5364.JPG,2882
IMG_5366.JPG,2872
IMG_5367.JPG,2865
IMG_5368.JPG,2853
IMG_5369.JPG,2862
IMG_5370.JPG,2842
IMG_5371.JPG,2867
IMG_5372.JPG,2839
IMG_5373.JPG,2865
IMG_5374.JPG,2885
IMG_5375.JPG,2818
IMG_5376.JPG,2889
IMG_5377.JPG,2895
IMG_5378.JPG,2868
IMG_5379.JPG,2860
IMG_5380.JPG,2862
IMG_5381.JPG,2880
IMG_5382.JPG,2872
IMG_5383.JPG,2871
IMG_5384.JPG,2867
IMG_5385.JPG,2812
IMG_5386.JPG,2886
IMG_5387.JPG,2868
IMG_5388.JPG,2845
IMG_5389.JPG,2848
IMG_5390.JPG,2903
IMG_5391.JPG,2807
IMG_5392.JPG,2952
IMG_5393.JPG,2888
IMG_5394.JPG,2921
IMG_5395.JPG,2914
IMG_5396.JPG,2825
IMG_5397.JPG,2893
IMG_5398.JPG,2836
IMG_5399.JPG,2887
IMG_5400.JPG,2851
IMG_5401.JPG,2904
IMG_5402.JPG,2881
IMG_5403.JPG,2861
IMG_5405.JPG,3173
IMG_5406.JPG,3006
IMG_5407.JPG,3222
IMG_5408.JPG,3224
IMG_5409.JPG,3229
IMG_5410.JPG,3211
IMG_5411.JPG,3102
IMG_5412.JPG,3238
IMG_5413.JPG,3242
IMG_5414.JPG,3268
IMG_5415.JPG,3256
IMG_5416.JPG,3226
IMG_5417.JPG,3228
IMG_5418.JPG,3234
IMG_5419.JPG,3268
IMG_5420.JPG,3232
IMG_5421.JPG,3256
IMG_5422.JPG,3252
IMG_5423.JPG,3204
IMG_5424.JPG,3250
IMG_5425.JPG,3254
IMG_5426.JPG,3220
IMG_5427.JPG,3231
IMG_5428.JPG,3242
IMG_5429.JPG,3268
IMG_5430.JPG,3194
IMG_5431.JPG,3292
IMG_5432.JPG,3284
IMG_5433.JPG,3304
IMG_5434.JPG,3258
IMG_5435.JPG,3273
IMG_5436.JPG,3256
IMG_5437.JPG,3244
IMG_5438.JPG,3232
IMG_5439.JPG,3208
IMG_5440.JPG,3212
IMG_5441.JPG,3245
IMG_5442.JPG,3224
IMG_5443.JPG,3279
IMG_5444.JPG,3255
IMG_5445.JPG,3220
IMG_5446.JPG,3192
IMG_5447.JPG,3239
IMG_5450.JPG,3242
IMG_5451.JPG,3232
IMG_5452.JPG,3207
IMG_5453.JPG,3336
IMG_5454.JPG,3320
IMG_5455.JPG,3312
IMG_5456.JPG,3292
IMG_5457.JPG,3288
IMG_5458.JPG,3300
IMG_5460.JPG,3240
IMG_5461.JPG,3270
IMG_5462.JPG,3199
IMG_5463.JPG,3150
IMG_5464.JPG,3134
IMG_5469.JPG,3166
IMG_5470.JPG,3144
IMG_5471.JPG,3168
IMG_5472.JPG,3156
IMG_5473.JPG,3264
IMG_5474.JPG,3272
IMG_5475.JPG,3296
IMG_5476.JPG,3280
IMG_5477.JPG,3320
IMG_5478.JPG,3146
IMG_5479.JPG,3216
IMG_5480.JPG,3200
IMG_5481.JPG,3204
IMG_5483.JPG,3202
IMG_5484.JPG,3238
IMG_5485.JPG,3218
IMG_5486.JPG,3198
IMG_5487.JPG,3171
IMG_5488.JPG,3163
IMG_5489.JPG,3190
IMG_5490.JPG,3200
IMG_5491.JPG,3180
IMG_5492.JPG,3172
IMG_5493.JPG,3226
IMG_5494.JPG,3180
IMG_5495.JPG,3158
IMG_5496.JPG,3126
IMG_5497.JPG,3188
IMG_5499.JPG,3174
IMG_5500.JPG,3180
IMG_5501.JPG,3198
IMG_5502.JPG,3222
IMG_5503.JPG,3258
IMG_5504.JPG,3226
IMG_5505.JPG,3226
IMG_5506.JPG,3208
IMG_5507.JPG,3240
IMG_5508.JPG,3220
IMG_5509.JPG,3238
IMG_5510.JPG,3192
IMG_5511.JPG,3275
IMG_5512.JPG,3210
IMG_5513.JPG,3220
IMG_5514.JPG,3266
IMG_5516.JPG,3204
IMG_5517.JPG,3242
IMG_5518.JPG,3227
IMG_5519.JPG,3228
IMG_5520.JPG,3254
IMG_5521.JPG,3203
IMG_5522.JPG,3203
IMG_5523.JPG,3220
IMG_5525.JPG,3207
IMG_5526.JPG,3187
IMG_5527.JPG,3178
IMG_5528.JPG,3184
IMG_5529.JPG,3154
IMG_5530.JPG,3212
IMG_5531.JPG,3220
IMG_5532.JPG,3240
IMG_5533.JPG,3186
IMG_5534.JPG,3170
IMG_5535.JPG,3048
IMG_5536.JPG,3180
IMG_5537.JPG,3154
IMG_5538.JPG,3053
IMG_5539.JPG,3120
IMG_5540.JPG,3092
IMG_5541.JPG,3128
IMG_5542.JPG,3080
IMG_5543.JPG,3082
IMG_5544.JPG,3134
IMG_5545.JPG,3110
IMG_5546.JPG,3255
IMG_5547.JPG,3199
IMG_5548.JPG,3179
IMG_5550.JPG,3189
IMG_5551.JPG,3177
IMG_5552.JPG,3168
IMG_5553.JPG,3188
IMG_5554.JPG,3178
IMG_5555.JPG,3190
IMG_5556.JPG,3098
IMG_5558.JPG,3116
IMG_5559.JPG,3099
IMG_5560.JPG,3106
IMG_5561.JPG,3078
IMG_5562.JPG,3076
IMG_5563.JPG,3067
IMG_5564.JPG,3102
IMG_5565.JPG,3083
IMG_5566.JPG,3108
IMG_5567.JPG,3079
IMG_5568.JPG,3250
IMG_5569.JPG,3228
IMG_5570.JPG,3179
IMG_5571.JPG,3151
IMG_5572.JPG,3195
IMG_5573.JPG,3209
IMG_5574.JPG,3216
IMG_5576.JPG,3284
IMG_5577.JPG,3246
IMG_5578.JPG,3213
IMG_5579.JPG,3250
IMG_5580.JPG,3228
IMG_5581.JPG,3228
IMG_5582.JPG,3217
IMG_5583.JPG,3277
IMG_5584.JPG,3229
IMG_5585.JPG,3299
IMG_5586.JPG,3287
IMG_5587.JPG,3249
IMG_5588.JPG,3274
IMG_5589.JPG,3282
IMG_5590.JPG,3253
IMG_5591.JPG,3248
IMG_5592.JPG,3248
IMG_5593.JPG,3281
IMG_5594.JPG,3270
IMG_5595.JPG,3280
IMG_5597.JPG,3227
IMG_5598.JPG,3242
IMG_5599.JPG,3242
IMG_5600.JPG,3232
IMG_5601.JPG,3211
IMG_5603.JPG,3264
IMG_5604.JPG,3271
IMG_5605.JPG,3304
IMG_5606.JPG,3298
IMG_5607.JPG,3300
IMG_5608.JPG,3228
IMG_5609.JPG,3298
IMG_5610.JPG,3322
IMG_5612.JPG,3245
IMG_5613.JPG,3260
IMG_5614.JPG,3255
IMG_5615.JPG,3213
IMG_5616.JPG,3251
IMG_5617.JPG,3272
IMG_5618.JPG,3245
IMG_5619.JPG,3279
IMG_5620.JPG,3278
IMG_5621.JPG,3294
IMG_5622.JPG,3268
IMG_5623.JPG,3262
IMG_5624.JPG,3286
IMG_5625.JPG,3244
IMG_5626.JPG,3242
IMG_5627.JPG,3259
IMG_5628.JPG,3201
IMG_5629.JPG,3237
IMG_5630.JPG,3222
IMG_5632.JPG,3259
IMG_5633.JPG,3241
IMG_5634.JPG,3225
IMG_5635.JPG,3247
IMG_5636.JPG,3258
IMG_5637.JPG,3264
IMG_5638.JPG,3220
IMG_5639.JPG,3036
IMG_5640.JPG,2972
IMG_5641.JPG,3012
IMG_5642.JPG,2964
IMG_5643.JPG,3039
IMG_5644.JPG,3007
IMG_5645.JPG,3055
IMG_5646.JPG,3007
IMG_5647.JPG,3008
IMG_5648.JPG,3007
IMG_5649.JPG,3023
IMG_5650.JPG,3023
IMG_5651.JPG,3007
IMG_5652.JPG,3024
IMG_5653.JPG,3e3
IMG_5654.JPG,3028
IMG_5655.JPG,3052
IMG_5656.JPG,3052
IMG_5661.JPG,3068
IMG_5662.JPG,3054
IMG_5663.JPG,2992
IMG_5664.JPG,2972
IMG_5665.JPG,2956
IMG_5666.JPG,2946
IMG_5668.JPG,3e3
IMG_5669.JPG,3016
IMG_5670.JPG,3024
IMG_5671.JPG,2968
IMG_5672.JPG,2992
IMG_5673.JPG,3036
IMG_5674.JPG,3014
IMG_5675.JPG,2992
IMG_5676.JPG,2992
IMG_5677.JPG,3304
IMG_5678.JPG,3280
IMG_5679.JPG,3297
IMG_5680.JPG,3238
IMG_5681.JPG,3241
IMG_5682.JPG,3278
IMG_5683.JPG,3148
IMG_5684.JPG,3248
IMG_5685.JPG,3226
IMG_5688.JPG,3221
IMG_5689.JPG,3285
IMG_5690.JPG,3266
IMG_5691.JPG,3260
IMG_5692.JPG,3264
IMG_5693.JPG,3251
IMG_5694.JPG,3264
IMG_5695.JPG,3025
IMG_5698.JPG,2955
IMG_5700.JPG,2970
IMG_5701.JPG,2960
IMG_5702.JPG,2981
IMG_5706.JPG,2943
IMG_5707.JPG,2953
IMG_5708.JPG,2975
IMG_5709.JPG,2982
IMG_5710.JPG,3002
IMG_5711.JPG,2959
IMG_5712.JPG,2969
IMG_5715.JPG,2986
IMG_5717.JPG,3018
IMG_5719.JPG,2992
IMG_5720.JPG,2975
IMG_5724.JPG,2969
IMG_5728.JPG,2975
IMG_5730.JPG,2920
IMG_5731.JPG,2921
IMG_5732.JPG,3045
IMG_5733.JPG,2984
IMG_5735.JPG,3007
IMG_5736.JPG,2992
